B65-12,,Shadez,
B41-19,Vibe Gaming ,vi0cs,
C58-12,Wii Players Club ,Pambeazley,
C33-12,Team BOB ,Sirhutson,
C10-07,FnG ,Reserved,
B44-17,[a2m] ,Goober,
C17-02,Come in with the milk ,reConfigured,
B02-11,Fools ,Mezigoto,
B71-21,Need Moar Pylonz! ,Dumbpants,
C55-11,Pingas Expresso ,Integralus,
C26-04,deathbypixels ,CheeseWheel,
B14-16,Space Narwhals ,King Koopa,
B09-17,SamirSquad ,Reserved,
B36-19,,Thor/Oz,
A50-08,,Shadowless,
A21-06,bmBros ,Branana,
A28-04,Bewts Wit Da Fuhrrrrrrrr ,Ruzzko,
B67-22,,Death,
A66-01,KRAAAA ,Phlux,
A19-08,Killer Rabbits ,MercuryAce,
B72-05,DT ,bzrk,
B72-07,Pi Kapp ,Reserved,
B16-05,,Wxldo,
B68-19,Triagonals ,RECONGHOST,
A19-09,Killer Rabbits ,ThunderCougarFalconBird,
B30-02,DH ,cereal,
B57-05,CAEK ,Btrain,
C40-02,JAWA ,themuffindookie,
B33-04,Wombat Wagon ,Aldenos,
A34-07,[Tek Syndicate] ,PerfectAgent007,
B44-16,[a2m] ,CodeMA,
B53-20,HYBB ,Noobits,
B54-19,ANCAPS ,Enraged,
B29-06,ASr ,Dynas,
A24-06,Justices of the Piece ,SnOw,
B04-15,NEUBAOWNSTHEQUAKECONPAGE ,a5thofScotch,
C41-05,WDZ ,JustinDJG,
B23-07,[B22]{BDK} ,Warox,
B09-12,The Bobandy Family ,DTubbs,
B66-20,NonProphetStudios ,JackWhitter,
C10-12,SVGA ,Rhayze,
A36-04,Q2LMCTF ,Buzzkill,
B19-08,,theUMP,
B60-20,East Texas Nubs ,shadow_kick,
B62-19,SOFW ,Jsmall01,
B09-20,IDGAF ,Jojo,
B19-04,,Zephyr,
B49-10,,Valin,
B37-13,IP&D ,Dave Lister,
UAC-09,Forum Wh0r3s ,dp_,
B51-05,#2k4ctf ,fr0Zen,
C31-12,EW ,KShe,
B10-07,,Reserved,
B19-14,CyberPolice ,msgoodbar,
B21-18,Brazzers ,Reserved,
A68-04,CRAAAAA!!!!! ,Corbin,
B33-20,Rogue Squadron ,PitViper401,
C18-04,Nsomnia ,Mr_Slave916,
C56-11,,Midrogue,
B73-21,,scarletragdoll,
B15-03,Taco Stand ,Pork Taco,
B05-05,TeamPlayerGaming ,Cogg,
C38-12,HyJynx ,SlyJynx,
C37-09,Disgruntled Sea Bass ,Tyetan,
B46-19,[a2m] ,Mr_Kola,
B44-14,Senior Staff ,SatansLH,
B49-01,G00nSquad ,Noisarius,
A63-03,MCTX ,hclewk,
A29-03,=FAP= ,Vamp,
A24-07,Justices of the Piece ,rjoe,
B30-13,[HOAGIES] ,Tiffer-Lite,
B15-14,,DaSmoosh,
C51-04,L3m0n Ch1ck3n ,Katamari101,
A39-02,SeaBiscuit ,MissPiggy,
B28-03,ASr ,Murphshizzle,
B56-15,BUTTHUT ,Dinobutt,
C60-09,Space Potatoes ,Turtool85,
A65-08,b2m ,Zarzer,
C24-01,,FoeHammer,
A37-06,,Rinnosuke,
B17-18,dp ,afndale,
B11-17,TheMetro ,AlexBilliams,
A23-10,,snafu,
B53-16,HYBB ,The Comeback Kid,
A62-03,,MannyPoo,
A58-01,,Reserved,
C41-09,,HavokSIXX,
B05-03,TeamPlayerGaming ,sM0Ke,
C59-12,Spud ,bysmitty,
B10-22,ClashGamer ,Pizza Dlv Boy,
B25-10,|PpP| ,Bryzgonaut,
C12-06,(_(_)BUTT ,8~ball,
A35-06,Ateam Gaming Community ,MaxCFM,
B58-12,,Singed a Song,
C58-04,ACD ,Dofley,
C15-05,Settlers of Fhtagn ,Jujufumpkins,
B71-01,DT ,james,
C09-07,FnG ,MrHappy,
A57-05,Overvolt ,Pike1950,
B10-20,,Fuji37,
B59-19,East Texas Nubs ,G-Man,
B16-16,,Evilteddy7,
B46-13,Forum Wh0r3s ,Prax,
C09-01,,JJ75,
B72-15,Need Moar Pylonz! ,QuantumKiller4,
A33-05,SGK ,Solident,
A70-07,SLAM ,Vernum,
B31-01,DH ,Andromeda,
B25-19,,TheCollins,
B35-03,,WinD,
B52-07,USA ,KaiserDragon,
C52-10,Daz Clan ,Dartagnan,
B22-17,,Notastudmuffin,
B64-21,Spacegutter Squad ,DharmaPunk,
A22-05,BAP ,Bandito,
A55-09,,PinkTunaTickler6969,
A11-03,,Reserved,
B01-11,Frag51 ,Xonos,
C64-08,Ghostly Gaming ,DJ_Turkey,
B24-21,YPWB ,Purple Hurricane,
B56-19,Really Old Men ,Nikithugs,
B18-21,,RedPandaBoy,
C14-03,,Sandman,
B37-15,Forum Wh0r3s ,crochetmonster,
B57-21,Really Old Men ,Alleyopaa,
B73-03,,SpiderDan,
C57-09,Wii Players Club ,Apceros,
B54-17,,Reserved,
B63-18,,Reserved,
B13-13,NPG ,SteelKage,
C62-05,,morhavoc,
B21-19,Brazzers ,King Droopy,
B72-14,IMB ,Toast Buddy,
B66-01,Just 2 Guyz ,Steve the C,
A73-10,<TNQ> ,TheManInTheWhiteHat,
B25-15,TAW ,Garbage,
UAC-26,[MiT] ,Bloodh0und,
B24-05,|PpP| ,zcon,
B52-02,USA ,Danfzzl,
C27-02,Llama ,Reserved,
A53-03,Oni-Cade ,Monstarz,
A21-04,no muff too tuff ,tky,
B57-01,G.O.R.E. ,theginginator,
C63-04,TfkT ,Spoon,
B11-06,UNT ,xcesive,
A20-01,no muff too tuff ,54m50n,
A51-01,Fragging Fraggots ,PhreqE,
B68-08,,a_GiRl,
B07-02,HexagonPC ,DekarRengar,
C12-04,(_(_)BUTT ,StabbyMcKill,
B28-22,,Magikltrevr,
B61-19,,deflector,
A62-07,[sk] ,anonfreddy,
B08-22,IDGAF ,Isolate,
B32-01,,Reserved,
B24-06,,Dark Reaper,
B70-21,,Meeps,
C31-05,zzz ,Chriscool,
A14-02,Pwnzerfaust ,tpwilson,
B54-12,LAG ,Jabbawocki,
C26-02,deathbypixels ,Serenity,
C55-02,UTA ,Animechrono,
C27-03,Burninating the Countryside ,Elaborate Ruse,
C42-06,WDZ ,Dr. Ibliß,
B57-04,,NoTrino,
B24-19,,Cybersonic,
B44-22,,YouTubePoops.com,
B71-03,Need Moar Pylonz! ,Wilson,
B59-08,NaCl ,that1guy44,
C28-06,,inTHEhead,
B42-16,Texas Gaming ,SiemprePositivo,
A02-02,Kato ,Fiction,
B33-06,[TAC] ,Exile2387,
B52-19,HYBB ,20k,
B38-13,,oldno7,
C37-12,Disgruntled Sea Bass ,Pillager1900,
A22-09,bmBros ,Zero-PAiN,
B02-07,,Altruist,
B36-07,id Software ,Master Shake,
B12-14,NPG ,DEagle,
B71-22,Need Moar Pylonz! ,Xoo00o0o0o,
B12-01,id Software ,Stark,
B70-11,Tudd Fudders Fan Club ,SRJarhead,
C18-02,Blitzkrieg ,Blitz_$,
B33-05,Wombat Wagon ,Agent.Piper,
C54-11,UTA ,fantasy grandpa,
A31-02,BurningPuppies ,Akoz,
B15-15,,Druid,
B57-02,G.O.R.E. ,MasterZebra,
C41-02,WDZ ,Beat_Elite,
A65-06,Amish Assassins ,LegionHeir,
B18-14,:)KBK:( ,dookiebot,
B26-07,FA ,Straylight,
B03-03,TrueAchievements ,imaidiot19,
A50-09,,Angry_Vibrator,
B65-09,,CaravanOfPikies,
B10-01,,sekg,
C45-05,[a2m] ,Lamby,
C48-01,,Deadlydatsun,
B72-18,Need Moar Pylonz! ,Reserved,
A23-03,bmBros ,biggypanks,
A18-03,no muff too tuff ,F4RT,
B32-09,The Red Xs ,mmmaranda,
B57-20,Really Old Men ,Tea,
C64-09,Ghostly Gaming ,Kanrail,
C55-10,Pingas Expresso ,WatsEatsGoobertGrapes,
B35-09,not buyin it ,cloudkicker,
B08-03,HexagonPC ,Selfie,
B30-21,[WD] ,Justor,
B73-12,,jayce0rangetail,
C26-08,The Booty Alliance ,ELCHINGONXIII,
C56-03,The [405] ,Disory,
C52-06,KMA Welders ,rawkee,
A32-06,SGK ,JackyAppleJones,
B38-21,Volunteers / D3RP ,Devil 2 U,
B42-18,Texas Gaming ,Jud0,
B21-13,,Wanker,
B66-16,0xRoots ,HexSpectre,
A68-07,Taxonomic Dog Party ,Deathbyvirus,
A15-01,LOUS ,brok3n,
B24-01,|PpP| ,Uiru Sekushi,
A30-06,,JesusFre4k21,
B08-15,Gamers of OSU ,DKnight,
B35-20,,DearestMoose,
C49-07,DESU ,Arkempire,
B36-02,Welp ,DomoJesse,
B52-05,USA ,Reserved,
C16-05,Octo ,H3l1o Kitty,
A08-03,Ragonk ,Havvok,
A15-04,LOUS ,Starrs,
A59-06,Blood Royals ,Aazzen,
B72-10,IMB ,Churr,
B51-09,#2k4ctf ,Defeat,
A61-06,,Flopez,
A62-05,,WhaleCum,
B12-19,,Z-GRADT,
A56-03,SCOOOOOTER ,Burj,
B50-07,#2k4ctf ,Ne0,
A74-09,UltimoContinue ,Tom,
A60-02,Alta Squad ,Noble Jon,
B70-17,,QuickSteel,
B01-01,osx. ,dv8,
B22-13,B22 ,Anynsa,
A17-02,,Reserved,
B18-08,,Reserved,
B04-19,Mutiny ,Spyder,
B10-08,,Reserved,
B17-14,,JESTER,
C23-04,Facestab ,TXYankee,
B05-01,TeamPlayerGaming ,HeavyG,
C14-05,,FSLanMan,
A34-09,[Tek Syndicate] ,Brendon,
B43-16,SanAnLAN ,mr__death,
C28-09,X-mas Lights ,Rebelwithoutatrail,
A10-07,FortLAN ,ChaosClay,
A22-08,BAP ,iamSGA,
B60-11,Barely Acceptable ,Flubbertron,
B65-17,,p1sspoorshot,
A41-02,Reckt'em ,Greenmetal5,
B43-13,SanAnLAN ,KnuckleSangwich,
B31-14,Crimson Syndicate ,zombunnie,
A74-01,WAK Radio ,V3rtigo,
B33-22,Rogue Squadron ,Killer Kitty,
B04-02,TeamPlayerGaming ,RADARRAT,
A14-01,Those Magnificent Men and Their Flying Machines ,MagnusGman,
A61-10,,Reserved,
B65-19,marauder ,fulgore666,
B13-16,[k^3] ,Gaul,
A02-10,Kato ,Freedom,
B26-06,FA ,Razgriz,
B65-14,[p*h] ,StoneyTheTiger,
B52-03,USA ,Bonz,
B25-22,,Theretrogamingroom,
UAC-14,[a2m] ,Estrogen,
B57-16,TX ,diehard,
B30-03,DH ,CheeZ,
C12-11,[n00b] ,Reserved,
C61-08,BTSX ,DickNixon,
B64-03,Gladium ,Irishwiz,
A02-09,Kato ,X-Zippy-X,
B52-22,HYBB ,Victron,
B27-17,TAW ,SpaceJunky,
B62-06,FS ,Reserved,
A24-02,,bearjew87,
A24-08,Justices of the Piece ,tenement funster,
B50-19,,Whyufoaminbrah,
B69-03,,Roterzahn,
C50-11,Quatches ,byt3s,
B44-13,Senior Staff ,myshra,
A04-10,Buttercream Gang ,Lonesock,
A19-10,Killer Rabbits ,Landbearshark,
A36-03,Q2LMCTF ,r!dd,
A68-05,CRAAAAA!!!!! ,ErectionThumbs,
B41-14,,Matrix,
B11-08,,DemonSphere,
A28-10,,Bathysphere,
B61-17,Chemical Crisis ,Reserved,
C42-05,WDZ ,Science,
B21-21,Brazzers ,Hot Girl With Big Tits,
B54-05,Panic/Zombspawn ,Zombchicken,
B09-14,The Bobandy Family ,Reserved,
B42-19,,cleantowels,
A04-08,Buttercream Gang ,Undergr3nades,
C29-10,Sunset Gun ,grunge19,
B02-10,,llH4VOKll,
B73-09,IMB ,jaiiirooooooooo,
A69-03,Casual Mode ,Phyurie,
B58-13,,FPS_oklahoma1,
C37-01,Critgamer.com ,Kriegster,
C50-09,Quatches ,OldManAboutTown,
C32-02,Techit ,Pelvic_Sorceress,
B21-16,-TNDM- ,BreadRunner,
A28-09,=FAP= ,Killer,
A03-04,FG ,LionBattery,
B34-19,,Reserved,
B20-01,,rapturre,
B50-15,Outlawz ,GeneralDisorder,
B56-14,BUTTHUT ,BrainSurgeon,
B23-16,,HomerGonerson,
A58-04,Blood Royals ,Finrus,
A18-05,PWNS ,Wererat,
B59-06,,Evoluzions,
B03-12,,Bflakes3,
B31-10,,TheCrow1213,
A34-06,[Tek Syndicate] ,Monica_Explosion,
B58-07,NaCl ,Sinbien,
B31-03,RXS ,Duke,
A72-08,,gr00tZ,
C60-06,1S2L ,Runoeh,
B03-04,TrueAchievements ,Large Coffee,
B13-20,,Reserved,
B61-22,,Reserved,
A27-03,,Leonpaintbrush,
C58-05,,Marty-Mar,
C49-06,DESU ,Foundacious,
C11-04,FnG ,JL_Snorlax,
C34-11,Team BOB ,WuFame,
C15-12,RTF ,Doomed83,
A51-03,,coolstorybro34,
B69-21,Triagonals ,Zmath,
B45-15,[a2m] ,PhiladelphiaCollins,
B56-08,CROWS ,Wyllow,
A20-02,no muff too tuff ,gingerbreadassassin,
A01-10,,Baish,
C61-01,BTSX ,Rob,
A62-02,,Jazzer,
B33-01,,invalidpeer,
C43-02,Super Barley Bros ,JD_Shep,
B27-18,TAW ,Wizard,
C51-08,Daz Clan ,Rtype97,
B50-13,#2k4ctf ,CaptainMigraine,
C21-05,,unearthlyjester,
C45-04,[a2m] ,Neony,
B26-10,,orbv,
B20-05,,Phyr,
B17-03,,Faalkorum,
A73-01,Hammered ,Dreyhna,
B12-20,,Reserved,
C37-10,,BANDN3RD,
C25-01,deathbypixels ,t0ymach1n3,
B58-08,NaCl ,Reserved,
B51-02,#2k4ctf ,conX5,
B31-08,,DarkCyde2005,
B30-05,DH ,Reserved,
C52-08,KMA Welders ,ferovar,
C54-02,UTA ,Yuuj,
B61-06,,Autie,
A35-02,Blindrun Gaming ,NocturneKittie,
B30-16,[HOAGIES] ,TheNipstar,
B07-17,Caveman Clan ,DJ PHRE$$$HE,
B07-09,Fire Team Haboob ,Disciple027,
B23-22,,Narosia,
B58-02,,SkepticGinger,
C13-05,,mithic,
B57-10,,Reserved,
C29-12,,Duckboy,
B07-18,Caveman Clan ,Loser,
B58-15,,kauos,
B23-13,[B22] ,bdk,
A04-09,Buttercream Gang ,The Newest Beta,
B17-01,,trekkie1701c,
B64-13,Skrub-Nation ,Reserved,
B03-09,TeamPlayerGaming ,Reserved,
C52-04,KMA Welders ,SAPIENCY,
B68-05,,shiznobot,
C21-02,,gobosin,
B25-20,BreakTheResistance ,xonelastherox,
B72-21,Ravage ,th3m3at,
B09-13,The Bobandy Family ,Reserved,
A22-06,bmBros ,Smoochie Wallace,
B40-15,DVDA ,elhkiller,
C16-07,Team 1337 ,Blamm,
B01-14,Kyle is a hoe ,ArcreacT,
C50-07,[D|T] ,BlackMesaSouth,
B35-02,Fusion ,webhead,
C47-05,Catforce ,Echostrange,
B40-20,DeathBladez ,OmNomBerry,
B63-14,NEUBAOWNSTHEQUAKECONPAGE ,t stobey,
B51-12,#2k4ctf ,Aria,
B31-16,Crimson Syndicate ,Slyph,
B10-10,,ClonedPickle,
B44-15,,blitter,
B23-21,,Cherry,
B74-02,,Dave2point0,
B26-16,TAW ,BulletStopper,
A63-05,MCTX ,tigerlilly,
A66-03,Skype Kids ,Oreosnickers,
C45-12,[a2m] ,TheDude,
A60-06,FFS ,Goober The Gr8,
B51-19,Little Bic ,Bardimus,
B50-22,Immortal Machines ,Diablo,
B27-16,TAW ,FencingMaster,
A73-07,Hammered ,JVV,
B58-18,WF Gamers ,Vex1123,
B51-03,#2k4ctf ,PoisonBagels,
A02-05,Kato ,Alysscock,
B71-11,DT ,bonsai-w-,
B63-22,,MiggyFly,
C47-04,Catforce ,NapoleonicMonk,
B05-02,TeamPlayerGaming ,WileECyte,
A22-10,bmBros ,Hippo,
A65-03,Lord's Force ,Pedophile Dundee,
C10-09,SVGA ,rosebud,
B06-08,NikNak ,Reserved,
B05-18,Mutiny ,KidBastard,
B42-14,Texas Gaming ,lovalle,
B34-22,,Reserved,
C60-07,1S2L ,ApokalypticNERD,
C41-08,,Stinkerbelle,
B11-12,TheMetro ,CaptainBarrel,
B65-07,Not Applicable ,Yorrick,
C59-03,ACD ,RAZERGLASS,
B10-05,COP ,JELLYz,
C44-11,,Radar,
B05-21,Muppet Clan ,MC-Waldorf,
A51-04,Fragging Fraggots ,FoxgirlSaika,
B59-15,C4 Yourself ,doug45vamp,
A27-01,Django Goon Squad ,frankpaintbrush,
C20-03,Pyromancer ,Pyromancer3D,
B40-19,DeathBladez ,Draconathus,
C16-03,Settlers of Fhtagn ,Dermis,
A34-01,[Tek Syndicate] ,NJM1112,
C35-04,,Reserved,
C26-11,The Booty Alliance ,The Deekinator,
B19-21,,Macho187,
C13-01,,Scoberit,
B05-08,TeamPlayerGaming ,Reserved,
B49-03,,Awesomeo,
UAC-10,DVDA ,someDevGuy,
C32-11,EW ,GreenJack,
A29-04,,Ishkoo,
A52-09,JwS ,DepTii,
B53-12,USA ,Khymera,
B61-01,turtle ,turtle,
C19-03,Praise the Sun! ,Robbulous,
C34-02,,ShadowFated,
A09-01,Team [OMFG!] ,itsTripp,
B07-07,NikNak ,Reserved,
C63-05,TfkT ,beaumega,
A65-07,CRAAAAA!!!!! ,Newman,
A70-04,SLAM ,Brosephski,
C32-09,Techit ,Kyo,
B13-17,[k^3] ,wh173b0y,
B11-11,NUWC ,patience,
B35-07,,Durandal,
B17-10,,Mushety,
B63-02,Nihonhut Consortium ,SuL,
B06-12,,Reserved,
A72-02,,ShatFeet,
A11-02,SDB ,Sifter959,
B68-13,B4LlIsLiFe ,Sarcolemma,
C39-10,JAWA ,Nermen,
B21-10,NERDS ,SSlotts,
C25-03,deathbypixels ,Chief Proud Cock,
A51-07,Fragging Fraggots ,Frozen Iguana,
B70-02,DT ,Robert Goulet,
B51-04,#2k4ctf ,ArC,
B10-14,[MiT] ,Zmobie,
B62-01,,n3farious,
B70-14,Tudd Fudders Fan Club ,sanicxx,
B66-09,FiTH ,hetsaq,
B26-15,,EpicallyLee,
B69-18,,swax,
A11-05,,EdgE,
C40-06,JAWA ,Skared,
B72-02,INDT ,Feelmetal,
C52-07,KMA Welders ,Zanthios,
B16-14,,Gram64,
B12-04,,TwilightSparkles,
B14-19,Space Narwhals ,Rolf,
B08-11,Forum Wh0r3s ,Beaneater,
B63-10,NEUBAOWNSTHEQUAKECONPAGE ,seastonez,
B03-13,Bratia ,Reserved,
B35-21,,Reserved,
A33-02,SGK ,Legenx,
B51-22,IOWA ,FubarP,
A06-05,,Seeker,
B64-16,,Tab,
C35-09,DeadlyGaming ,WHATSITCALLED,
C64-04,TASTYDICKS ,Kern Paps,
C60-03,,Reserved,
B24-04,|PpP| ,Jaime,
B29-09,,sirchewi3,
B36-04,id Software ,Sesquipedaliant,
B39-15,DVDA ,Darkgenerals,
B29-07,ASr ,Ryanheim,
A39-05,SeaBiscuit ,ZombieGhost,
B29-16,Distinguished Men of Class ,Corporal Carnage,
UAC-23,I Can Haz DC++? ,7H3 K!//3R,
B54-22,Killrz ,Jumon,
B57-19,Really Old Men ,Avenger3611,
A16-03,FSL ,Bullet Magnet,
C57-11,Wii Players Club ,Candyman,
UAC-25,Welp ,DomoJesse,
B10-09,,Reserved,
C37-02,Critgamer.com ,SpadeFire91,
A08-02,,Combat_Instinct,
B23-02,,GreatRumbler,
B20-13,Cyber Police ,Reserved,
UAC-24,Welp ,Shallah,
B24-08,|PpP| ,Chase B.,
A54-02,The Cla$$ Act$ ,Notaburger,
B19-18,QUACKCON ,Darthos770,
B69-16,,Ayden,
A08-01,,Maximo Mephisto,
A01-01,SpiderMan Chat Desu~ ,shadowmessanger,
B71-15,Need Moar Pylonz! ,darth415,
B10-02,,Stiny,
C32-06,Techit ,JethroBoom,
B01-09,,PatDaRat,
B24-15,The Hue Brothers ,The Magical Jago,
C37-04,bustin_the_nuts ,chaoko954,
B57-03,G.O.R.E. ,D3ADSN1P3R,
C31-03,Techit ,fakebritishguy,
B68-16,Prosper ,Griffin,
B34-17,,HotCheetos&Takis,
B03-14,,Silvera0,
B41-13,,zackbatl,
C45-08,,Mega386,
B16-18,[QkPR] ,Ghost_Chill,
A67-10,CRAAAAA!!!!! ,Moo4You,
A29-08,GamerzUnite.com ,Sampak,
C60-11,Space Potatoes ,Jaclyninthebox,
A04-07,Buttercream Gang ,Palyup,
B22-03,[B22] ,Beathan,
A68-01,Casual Mode ,Banguin,
B23-01,,Joe_Molotov,
C16-11,4MB ,NomadicJester,
B08-16,,Reserved,
C56-10,Pingas Expresso ,DecretuM,
B66-19,,coachshoes,
C34-08,Team BOB ,Elesn,
C46-08,<omegaspot> ,OmegatotaL,
C38-09,HyJynx ,SlynkyJynx,
B37-19,[PorkChopSandwiches] ,G-Mez,
B38-19,36K ,Developers,
A11-08,SFN ,Mike_Knight,
B34-03,,Reserved,
B65-21,Spacegutter Squad ,electronbabies,
B60-18,East Texas Nubs ,g00se,
C24-03,,Mediocre,
A32-09,,FreedomStrudel,
B73-17,Need Moar Pylonz! ,The Acez,
C54-12,UTA ,Baldorias,
B08-19,IDGAF ,density911,
B61-08,[p*h] ,Elad,
B67-13,DFW Nerd Night ,Aahzmandius,
B46-18,[a2m] ,Sheik,
B05-06,TeamPlayerGaming ,Salty99,
B62-10,NEUBAOWNSTHEQUAKECONPAGE ,Lolitsjohn,
B27-14,TAW ,t0db0t,
A64-03,Lord's Force ,PsychicHandjob,
C30-05,zzz ,Reserved,
B12-21,,kahleeb,
B31-07,,Reserved,
B03-05,TeamPlayerGaming ,Skydelta3,
A03-08,,carmanphreak,
B37-17,,pd_snipe,
B67-01,,NightStlkr06,
B05-12,BANANATACO ,Reserved,
C49-11,ORTPRO ,ORTPRO,
C14-08,,or31lly,
C31-08,zzz ,Reserved,
A12-08,SFN ,SecretSquirl,
C61-07,,Reserved,
A02-01,Kato ,Wipeout,
B56-13,BUTTHUT ,Rocky,
B15-19,Space Narwhals ,I Has A Hat,
C35-07,,Rynoth,
C38-11,HyJynx ,Renduri,
C55-09,Pingas Expresso ,felix the cat,
B08-10,,Klistofklades,
A17-09,PWNS ,OuchIAteMyself,
B01-08,,kilgurin,
B10-06,COP ,Juffdaman,
B53-15,HYBB ,AVHero,
C28-01,=HPSF= ,rmp00n,
B49-02,,wilkonsincarver,
A40-02,OPness ,Scorpic,
A23-02,,PewPew,
B30-22,[WD] ,G4M3W4RR10R,
A07-10,V1 Tech ,Complx,
B06-15,,Reserved,
C60-10,Space Potatoes ,rainfay,
B11-07,,Carnevil,
B50-14,,ReclaimJoey,
B68-15,B4LlIsLiFe ,theaceofjs,
B64-19,Spacegutter Squad ,Reserved,
B01-12,Thesug1 ,Thesug1,
B46-17,[a2m] ,Ahab The Arab,
B53-10,USA ,CaptShivers,
A13-06,KillerRabbits ,BattleDuck44,
B52-08,USA ,Snarky McSnarkson,
B18-10,,guybrush_mp,
C15-10,RTF ,rmxxx,
B15-05,,BillGates138,
B11-09,NUWC ,TDF,
B22-04,[B22] ,butchdog,
B64-07,Not Applicable ,Alexxdotcom,
B04-04,TeamPlayerGaming ,SourceSkills,
C51-12,,Ketchup0117,
B08-08,,AxeTheKing,
B42-15,Texas Gaming ,Methanwyr,
B50-09,#2k4ctf ,ezskillz,
B14-06,We Don't Pull Out ,adMinister of Bondage,
C14-11,FSLAN ,Ex1le,
C42-04,WDZ ,Spork,
B16-22,[QkPR] ,Kidyermou,
A59-03,Blood Royals ,Kazarak,
C56-05,The [405] ,Celeritas,
B39-21,,R3DRuM3,
B39-17,,Taygurrll,
A04-05,Buttercream Gang ,Judith,
A28-01,Bewts Wit Da Fuhrrrrrrrr ,X420DANKSCOPE69X,
C18-05,Nsomnia ,Cyd,
B16-04,Energo ,NewfieBullet,
C55-01,The Flaming Gaze ,Occams Sabre,
A70-02,SLAM ,Pope,
B25-13,,CatInTheHat,
C44-01,[a2m] ,All6's&7's,
B68-14,B4LlIsLiFe ,Hrathkis,
B19-09,,physicspants,
B19-17,,Tootsie,
B19-01,,wetmysneech,
B16-01,,BlueByLiquid,
B72-08,IMB ,RockManiac44R,
A19-03,Killer Rabbits ,Bagelmeister,
UAC-21,,Reserved,
A05-07,,Reserved,
B54-10,,Zombchicken,
C58-01,ACD ,pf,
B72-12,Pi Kapp ,Proffesor_b14,
B60-10,,Alloy_dood,
A11-09,SFN ,Och4,
B06-03,,twRnaked,
C36-12,DeadlyGaming ,NameNoOneChose,
B55-18,K4H ,[K4H]Holocaust,
A70-05,SLAM ,Jingo Joe,
B31-17,dank ass memez ,[dAmZ] Dan!,
B14-02,,Cordedstraw,
B50-03,#2k4ctf ,linoleum,
B18-04,SMEGMA ,swagel,
B24-03,|PpP| ,Straight Up Placenta,
A06-04,,Gl1tch,
B43-14,SanAnLAN ,VeNoM,
A07-01,None ,Dragunfyr,
B70-10,Tudd Fudders Fan Club ,Tudd Fudders,
C31-04,zzz ,Reserved,
A36-02,Q2LMCTF ,c4talyst,
B12-05,,Squizdo,
A05-08,,Smashall1n,
B62-13,NEUBAOWNSTHEQUAKECONPAGE ,evandugas,
B05-14,Susboys ,Billy Mays King of TF2,
C61-03,BTSX ,Grantly0711,
A17-03,no muff too tuff ,SyphonX,
B66-18,p*h ,Spoiledmartian,
C33-09,Team BOB ,Lord Reptar,
A05-06,,Harukyo,
C21-06,,Catindahat,
B52-11,USA ,d33pfreeze,
B72-06,DT ,richter,
A64-10,b2m ,danishpastry,
A53-06,JwS ,SeanDIDK,
C41-07,WDZ ,Arker's Mom,
A56-06,Overvolt ,Ace,
B09-15,The Bobandy Family ,Snizolf,
B73-11,,Shiburin,
C14-12,FSLAN ,serveux,
C36-02,,PeachOut,
C28-02,=HPSF= ,Nazp00n,
A06-08,,MidnightSunxii,
C54-10,UTA ,TheTuringMachine,
B29-04,,ColonelPanic,
B18-02,SMEGMA ,phosgene,
B03-19,Moist_Children ,Moist_Pinecone,
B60-13,Barely Acceptable ,Reserved,
B34-09,,Reserved,
A12-05,SFN ,highlander,
C48-04,DoB ,Son of a Lich,
B30-09,,Fr33Willyyy,
C30-11,,indoejb,
B35-14,8===D ,PP Mguire,
A37-03,,Likour,
A66-02,,Clapland,
B30-20,Crimson Syndicate ,SirGlitchAlot,
B55-21,-gBa- ,Vigilante,
C30-12,Sunset Gun ,0verture,
B04-05,TeamPlayerGaming ,jasonjinx,
A67-06,CRAAAAA!!!!! ,Reserved,
B71-13,Need Moar Pylonz! ,ahobo951,
B26-02,,Resident,
B65-08,,Minevra,
C36-09,,ForSomeone,
B69-10,,rtchal,
C43-04,Cracked-Ice ,[C-I] FL0WL0W,
A35-05,,UbuntuAddicted,
B54-15,LAG ,Reserved,
B50-18,,hackaustin,
A29-10,GamerzUnite.com ,Ranga14,
C37-08,bustin_the_nuts ,Tamara2727,
B11-15,TheMetro ,Pyrn,
B11-10,NUWC ,Felicrux,
A10-09,FortLAN ,twodavez,
B55-14,LAG ,Reserved,
B22-14,,BEEF SUPREME,
C14-02,[FSL] ,Wodahs,
B19-19,QUACKCON ,Kyng,
B05-20,Mutiny ,FATMAN,
B06-06,The Bacon Trolls ,sedawk,
B41-18,Vibe Gaming ,SweetJ,
B73-06,Larry Squad ,Reserved,
B07-19,Caveman Clan ,ReptarUnchained,
A58-09,Maniacally Mad ,Leadphalanx,
C16-01,,plop,
B39-18,,UncleWhoopAss,
B59-20,East Texas Nubs ,Stormbr1nger,
C46-02,[a2m] ,The Dee,
B07-10,Fire Team Haboob ,EscaFlowne,
B13-03,LiTHiA Gaming ,Gryphon,
UAC-08,Forum Wh0r3s ,Plight,
C42-03,WDZ ,Slats,
B28-09,,POINTY,
C14-09,,nstinson,
C45-11,,Deuce,
A08-10,V1-Tech ,Reserved,
B36-22,Murder Me Inc ,AlaskaIsMine,
A01-09,SpiderMan Chat Desu~ ,Best Zed LAO,
A15-03,LOUS ,unikitty3000,
C52-05,KMA Welders ,Shadow,
A69-02,Casual Mode ,Gobbledeguk,
A39-06,SeaBiscuit ,Naminekills,
C17-03,Come in with the milk ,Statgain,
B28-04,ASr ,smerf,
A28-05,Bewts Wit Da Fuhrrrrrrrr ,Captain Jew,
A30-05,GamerzUnite.com ,Chappie_KillMode,
C43-05,Cracked-Ice ,[C-I] Titonator102,
B45-22,[a2m] ,Buckthebeast,
C30-08,zzz ,Reserved,
A34-08,[Tek Syndicate] ,LarryTek7,
A06-03,Dookie Monsters ,Ya Boi Rom Swanson,
C39-11,JAWA ,Bobo,
C11-02,,VigilantisX,
C60-02,,Cheeto,
B35-17,8===D ,MsMurder687,
A65-09,b2m ,Harshfayt,
C53-10,,Nms,
A10-10,FortLAN ,jj_Sky5000,
B55-03,HELICON ,N3CT4R,
B32-10,The Red Xs ,Shogun Kane,
B35-22,Murder Me Inc. ,Haestein,
A11-10,SFN ,DOHCDragon,
A16-07,TheMetro ,Docmooru,
C46-04,C-Sec ,Sanguine Moon,
A27-08,,Micy The Beast,
B54-20,Kill Your Attitude ,Mega,
A58-07,Maniacally Mad ,Jim,
B26-22,OMNOMCON ,Schwiing,
B22-22,XNXX ,YelloJellow,
A18-10,PWNS ,Nafei,
C10-10,SVGA ,Lhogan,
C29-04,=HPSF= ,TheGuy,
B14-17,Space Narwhals ,Wamo,
C50-01,[D|T] ,achoo92,
B24-10,Underscore ,Felicity,
B59-04,,D3ATHL3SS B3AST,
A02-03,Kato ,Conan,
B32-03,,Gecko822,
B27-02,,DaniMo,
A12-03,KillerRabbits ,donkey,
A66-07,Amish Assassins ,[AA] Xp_3,
A67-02,brocraft.net ,commandoviper,
B22-02,,kittysox,
B23-03,[B22]{BDK} ,Pet My Donger,
B22-01,Bubba's Badasses ,PappaGrundy,
B68-07,,Reserved,
B52-16,HYBB ,SeaWolf,
C52-11,,Reserved,
C48-08,DoB ,hodor_mania,
C30-03,,光旋律 (Hikari Senritsu),
B14-01,MAGG ,Hivemind,
B64-20,Spacegutter Squad ,sasskuatch,
B32-16,dank ass memez ,[dAmZ] kmess,
C40-09,JAWA ,Jeimax,
UAC-02,[a2m] ,DarkenedSoul,
A13-10,,Pyleah,
C11-07,FnG ,RidoKilos,
B02-09,GFKD ,Flexo,
A22-01,[VAG] ,Hell_Raiser,
B63-03,Nihonhut Consortium ,LawnD4rt,
A08-04,Ragonk ,AwkwardGamer,
C17-06,Come in with the milk ,Andew4Mayor,
A10-05,FortLAN ,DarkRetribution,
B68-17,,Mr.cleanmagic,
C49-04,,Dillon,
B27-07,,Reserved,
B49-07,,GeneralSativa,
C37-06,Quake N' Bake ,OLD GREGG,
B62-09,NEUBAOWNSTHEQUAKECONPAGE ,lolitsandrew,
A63-04,MCTX ,Buzzkill,
A74-10,UltimoContinue ,Joako,
B54-07,DTS ,LettuceHead619,
B72-19,Need Moar Pylonz! ,FireOpal,
B40-16,DeathBladez ,kaiser,
B06-07,The Bacon Trolls ,chmod700,
B36-10,id ,CrashTestMonkey,
B64-18,Spacegutter Squad ,Swizz,
A17-08,PWNS ,aradatad,
B14-13,,Kent_econ,
C49-09,DESU ,Neil_swaguilar,
B66-08,FiTH ,arcane,
B13-22,[k^3] ,deathtripp0,
B74-05,,Miltar,
C12-03,(_(_)BUTT ,Danila Spaghetti,
C30-02,,Burnin` Trees,
C39-06,JAWA ,ZeroXAcid,
B60-17,(-W3rD-) ,Wheezy,
C59-10,Space Potatoes ,madscientist,
A21-08,bmBros ,Jonston,
B28-19,,Reserved,
C54-01,LAG ,CaZrO,
B26-17,TAW ,ShmeeCow,
C27-04,,The Casual Wizard,
B65-03,Not Applicable ,SubaruStig,
B53-02,USA ,sparkplug188,
B07-16,The Caveman Clan ,TheCavemanCan,
B59-13,C4 Yourself ,Nytlight,
C46-05,C-Sec ,Edward Snowden Super Spy,
B04-11,,balcony blunts,
A16-04,FSLAN ,Cypher,
B09-10,,Reserved,
C12-10,[n00b] ,Reserved,
C43-01,Super Barley Bros ,FL1P42,
C34-07,Team BOB ,SpacePope256,
B52-20,HYBB ,brucespringstan,
A22-02,,Puzzlerf,
B55-11,CrackSmokingMonkeys ,forgetful_user,
A64-04,Lord's Force ,Nosferatu919,
B60-21,East Texas Nubs ,Lewtron,
A10-06,FortLAN ,NicWic,
A28-02,Bewts Wit Da Fuhrrrrrrrr ,xxbiggurlhunter69xx,
C42-10,Ironfist Rangers ,ChevyMax,
B13-06,,DifferentHaX,
A18-06,PWNS ,Connor03,
A64-05,Lord's Force ,Kadoba,
A35-01,XR ,AIRRICK,
B59-02,TEAM USA ,Mule,
B13-07,C_C_COOKERS ,Moshimo,
A38-01,,ウイザード,
C58-03,ACD ,ab,
UAC-18,,XANADV,
A55-03,4saken ,ConMan,
C18-03,Nsomnia ,mayateslayers,
B23-10,B22 BDK ,Strag,
B07-03,HexagonPC ,hobbseltoff,
B22-19,XNXX ,Rydizzle,
B08-20,IDGAF ,Ohhnoes,
A23-04,BAP ,hpux,
A25-06,,ScaryMonster,
A32-10,Forum Wh0r3s ,Jauris,
A11-01,SDB ,Peri0dBl00d,
B12-07,,DiabeticSteph,
C19-06,[KTG] ,Dirty Taco,
B04-16,NEUBAOWNSTHEQUAKECONPAGE ,Dirty_Dan!!,
B62-08,NEUBAOWNSTHEQUAKECONPAGE ,VOSS,
B16-06,,Sxdpxndx,
B67-21,Prosper ,Mr.Brown,
B05-22,Muppet Clan ,MC-Yoda,
C20-05,Pyromancer ,numberfourteen,
C50-12,Quatches ,Supercannon,
C53-02,LAG ,MightyMouse,
C56-06,The [405] ,Saraibear,
A07-02,ThePretendHeroes ,Vargess,
A67-03,CRAAAAA!!!!! ,Infinite2,
B34-02,,Reserved,
A33-03,SHAFT ,Romfarer,
B07-12,Fire Team Haboob ,Reserved,
B65-05,,K Pop Sensation,
B45-16,[a2m] ,PreciousDeath,
A12-09,SFN ,Reserved,
B62-22,,Thamien,
C13-11,,N3tr1k,
C27-07,Xmas Lights ,cooljoebob64,
B14-07,SHERMM ,FrozenSketch,
B11-04,,Zhan,
C36-05,,ascii,
B55-17,K4H ,[K4H]Dad,
B63-08,NEUBAOWNSTHEQUAKECONPAGE ,lolitstrent,
B64-02,Gladium ,TinCrow,
B34-16,,Reserved,
B67-06,Equinox Visual ,Death-Toaster,
B50-16,,Reserved,
B31-09,DH ,Apoth,
C49-02,,Dadio17,
C47-07,Catforce ,Freyja,
B55-15,LAG ,Reserved,
B13-15,[k^3] ,Mxlplxn,
A09-04,TK ,Reserved,
B22-05,[B22] ,Setton,
A50-06,,Contang0,
B59-10,NaCl ,NeonEquiNoX,
C15-04,FSLAN ,OM3GA,
A69-04,Casual Mode ,Andrey,
C31-02,,Azile2015,
C29-03,=HPSF= ,DrunkBus,
A73-06,Hammered ,Dette,
B58-05,,Reserved,
C37-11,Disgruntled Sea Bass ,Bella Bunny,
B60-01,TEAM USA ,Nauseous,
B63-19,,Lorsen,
A34-02,[Tek Syndicate] ,lessershoe,
B63-20,,Malcolm X-mas,
C09-10,FnG ,Mario,
C60-04,1S2L ,Reserved,
A68-10,Taxonomic Dog Party ,Cormiooski,
A03-02,,strcrftprncess,
A37-01,,Immosabi,
C09-11,,Reserved,
B70-08,Tudd Fudders Fan Club ,Dragon1569,
C26-03,dbp ,TheChad,
A17-07,PWNS ,FajitaMeatPete,
C36-01,,di0nysus,
B04-14,,eyekandie,
B52-04,USA ,Naebeamers,
A68-06,CRAAAAA!!!!! ,Livelong07,
B22-15,XNXX ,Golden Phoenix,
B09-21,IDGAF ,Plagued,
A17-05,PWNS ,Tasiv,
C14-07,,Nail.exe,
B62-11,NEUBAOWNSTHEQUAKECONPAGE ,Dogberto,
C50-02,[D|T] ,Cephys,
A27-06,,Frozen,
A65-04,Lord's Force ,Hyper Buns,
B24-14,The Hue Brothers ,APuppyWithATumor,
B33-09,Wombat Wagon ,michaelpi,
B08-06,HexagonPC ,Auburi,
B36-08,,Schnapple,
A64-06,Lord's Force ,Lambanate,
B55-22,,smoovb,
A17-10,PWNS ,Eyerule,
B15-06,,bowswer5,
B36-15,8===D ,Fapasaurus Rex,
C35-01,,KungFutse81,
B28-06,ASr ,Brittzkrieg,
C49-12,ORTPRO ,ORTPROnick,
B12-09,,SquareOFortune,
A40-01,OPness ,SudoPro,
C09-08,FnG ,SpongebobNinja,
A55-02,4saken ,sploosh,
A64-08,b2m ,awuwish,
B21-02,DeW ,frenulum,
A38-04,,Reserved,
B32-06,,Threevid,
B56-11,TX ,dieharder,
B04-07,TeamPlayerGaming ,Chronicough,
C27-05,,NukaColaQT,
B05-19,Mutiny ,Zencyde,
B54-14,LAG ,LatinAssassin,
C63-08,,DrRichter89,
C10-03,,Freelancer,
C39-07,JAWA ,mxcnDevl,
B08-14,Gamers of OSU ,BioCide^,
A07-04,,Mallick,
B19-22,,Lord Thundar,
B46-21,Forum Wh0r3s ,Dinkman72,
A08-06,,7thD3adlyS1n,
B09-01,,Deet,
B34-20,,Reserved,
A62-09,[sk] ,Parallel,
B03-06,TeamPlayerGaming ,Probie,
B09-06,Geeksquad ,Chris,
A39-04,SeaBiscuit ,DestroyerBiz,
A72-03,,ThriceCame,
B68-18,Triagonals ,pine-solpower,
B28-07,ASr ,Varlo,
A13-05,KillerRabbits ,Mister Original,
C41-03,WDZ ,WDZJester,
C21-04,,Reapz,
B19-03,,megadeus,
B25-02,|PpP| ,DrillMyHole(Brent),
C23-03,Facestab ,Tsudeki,
B43-22,#JustQuakeconThings ,Psalms,
A67-08,CRAAAAA!!!!! ,LukeHatesCody,
B18-19,QUACKCON ,DJ Wigglez,
C51-10,Daz Clan ,KYRY,
C52-12,,Epefod,
C62-04,BTSX ,dimage8908,
A52-02,,PeasAndClams,
C54-04,UTA ,HakuJounin,
A29-01,=FAP= ,Ackbar,
B71-12,DT ,F1a13sS,
A66-10,Amish Assassins ,[AA]Cold_B,
B70-22,,Klorkin9,
B53-17,HYBB ,The Cheat,
B12-18,,Reserved,
B17-21,dp ,ghostie,
A61-04,,Digillama,
C39-03,JAWA ,WonderBread,
C15-08,[FSL] ,Tetsu,
C20-02,Pyromancer ,Naruko,
B73-15,,BrianFantana,
B30-04,DH ,Reserved,
B56-17,BUTTHUT ,AryanBarbarian,
A11-07,SFN ,Wink4Me,
C10-01,FnG ,Teh Lorax,
C31-06,zzz ,Reserved,
A23-05,BAP ,Funran,
B52-10,,Subzero_Equinox,
A06-09,New Republic Navy ,Harbinger,
C26-05,deathbypixels ,HelenKeller,
B72-20,Need Moar Pylonz! ,TSG Ex0tic,
B40-21,,Empty,
B14-15,Evil Inside ,Danimal,
A13-01,KillerRabbits ,MarineDaniel987,
B54-16,LAG ,LoneStar,
A59-07,Maniacally Mad ,Stachecat,
B27-10,,crayzed_troll,
B02-16,,Light-Darkness,
A40-03,Geeks with Guns ,Squishee,
B01-03,GWR ,Slayer_GWR,
B55-02,Panic/Zombspawn ,Rogue,
B21-07,NERDS ,Jmillz,
B24-02,|PpP| ,Morningwoody,
A29-06,,Sumida09,
B15-18,Space Narwhals ,Shatti,
B06-16,Caveman Clan ,Duffman,
B08-21,,Pawn,
B52-13,USA ,ShoGUNpanda,
B58-10,NaCl ,Crisk_88,
A58-08,Maniacally Mad ,Rauche,
B16-03,Energo ,byattz0r,
C09-05,FnG ,SailorMoon,
B28-14,Distinguished Men of Class ,betsybacon,
B11-18,TheMetro ,Reserved,
B39-16,,TexasHammer,
A05-10,V1 Tech ,DirtySouth PCs,
C33-10,Team BOB ,Drexpert,
B22-09,[B22] ,SLIME LIFE,
B66-22,NonProphetStudios ,Lemmingrush,
C16-06,Team 1337 ,Krim-,
C29-11,,DJFreezeBit,
C14-10,Da Dust ,Dorito Dust,
C15-03,Settlers of Fhtagn ,HS,
A10-08,FortLAN ,User,
C28-03,=HPSF= ,aznp00n,
B19-07,,PolarityGrease,
C63-07,,shelbyWHATT,
B41-22,#JustQuakeconThings ,Guardian,
B13-21,[k^3] ,mUH,
A54-04,The Cla$$ Act$ ,woot,
B68-22,Triagonals ,VAULTBOY99,
C24-05,,ChippyTPS,
B59-03,,aborno,
B12-16,NPG ,IcemanTex,
B14-08,SHERMM ,Labmonke101,
A63-07,What UGANDA do about it? ,Do Reetos,
B05-10,BANANATACO ,Riahz,
B24-18,Principality of Zeon ,Dizzle,
B53-05,krazo ,Radien,
C39-08,JAWA ,Avarien,
B43-17,SanAnLAN ,maddooooooog3000,
C40-10,JAWA ,Elnots,
B36-03,,DerekRAGE,
A05-01,,Reverend Bill,
B14-20,Space Narwhals ,Milites,
A72-06,,ajm1245,
B36-14,,quintalius,
A09-06,[BS] ,Majins,
C62-12,,jakebasile,
C44-09,,Chernobyl Noble,
B05-15,SLayers ,Major MacGyver,
B49-08,,DethSpade,
A69-07,Chat 2 ,AkaSpecs,
B07-08,NikNak ,Reserved,
B21-15,-TNDM- ,Ihazissues,
B51-08,#2k4ctf ,Palazil,
B55-04,HELICON ,LogNberry,
C24-06,,iamdonfullerl,
B67-18,Prosper ,BC,
B32-15,Crimson Syndicate ,Akihoshi,
C28-08,,Badpanda,
B02-12,Fools ,Cether,
B55-13,LAG ,Scorpionox,
C63-09,,Mac,
B70-05,DT ,wyja,
B07-15,Fire Team Haboob ,Heisenberg565,
B74-22,,AmieDoubleD,
B37-22,,.psyn,
B34-15,,Cipote214,
B33-17,Crimson Syndicate ,lagging,
B33-07,,DeusExMachina,
B74-01,,Dark Albatross,
B27-19,TAW ,Nemesis,
B16-09,,RED,
A54-08,,Larzz,
B13-18,[k^3] ,JickMagger,
C57-12,Wii Players Club ,UltPotatoe,
B52-14,,-qp- Dirk,
C30-01,,kuja396,
A27-10,,T-Rex,
B03-10,TeamPlayerGaming ,Reserved,
A07-05,,Elysia,
B22-10,[B22] ,Mean1D,
C38-02,Critgamer.com ,floodk,
A65-05,Lord's Force ,Russell,
B10-12,MiT ,leefnmajors,
B74-14,,elvishswag,
B64-17,,TxZar,
A17-06,PWNS ,Chump McMonkey,
B23-04,[B22] ,MrGuyTheStampede,
C49-05,DESU ,Lawlum,
C20-04,Pyromancer ,EvilInc,
A10-03,FortLAN ,friskydragon,
C34-04,,Reserved,
B54-08,DTS ,PokeSMot,
B53-01,USA ,Shorty,
C58-02,ACD ,Synch,
C25-07,deathbypixels ,GhozyB,
B13-09,C_C_COOKERS ,cobaltfang,
B62-15,NEUBAOWNSTHEQUAKECONPAGE ,FriendlyNeighborhoodJankemDealer,
B26-08,,gnar_killin,
A59-08,Maniacally Mad ,Sugarbear,
C33-11,Team BOB ,LinkSiss,
A25-07,,Wr3ckin_Cr3w,
A30-01,,aldennN^,
A57-02,,turdferguson,
B28-16,,ShadowCid,
B16-13,,Mindreaver,
C26-01,deathbypixels ,Projekt,
C52-09,Daz Clan ,ZackAttack,
C41-12,Ironfist Rangers ,Zorr,
A16-09,,Soseph Jallin,
A19-06,no muff 2 tuff ,w4nda,
B20-22,,The Inevitable,
B53-03,,Gharen,
B05-07,TeamPlayerGaming ,ab1tar,
C55-03,UTA ,Nehemael,
B59-22,East Texas Nubs ,JediSpam,
B21-17,Brazzers ,Temi Westside,
C42-01,WDZ ,Mediocre at Best,
A24-10,Justices of the Piece ,SpaceRangerJoe,
B57-09,CROWS ,Reserved,
B11-13,TheMetro ,Raspberry,
B16-08,,DeeseNuts,
B51-07,#2k4ctf ,bdy,
B40-22,,fourtwenty,
C25-02,deathbypixels ,Nabes,
B55-06,HELICON ,Chaoshades,
A60-05,FFS ,darnclem,
C59-08,Space Potatoes ,Rheapre,
B53-21,HYBB ,Reserved,
A18-01,Whazzle Dazzle!!! ,Reserved,
A32-03,SHAFT ,Zacharillo,
B26-13,,Fen,
B68-21,Triagonals ,Cryofate,
B67-03,Equinox Visual ,Sleepieyed,
A21-07,bmBros ,Youngshlab,
C64-02,,Avenath,
C51-03,,Zizach,
B14-18,Space Narwhals ,Jbro,
A74-03,WAK Radio ,Saint_Dementia,
A66-08,Amish Assassins ,[AA] Soulo,
C25-08,The Booty Alliance ,santabomb5,
B63-17,,Xene,
A41-05,TAMU ,SiliconSlick,
B09-18,,Reserved,
C30-06,zzz ,Afro,
B63-15,NEUBAOWNSTHEQUAKECONPAGE ,sillykitty,
C39-09,JAWA ,Tourke,
A40-05,,AntiFish03,
B50-12,#2k4ctf ,TGUN,
A33-01,SGK ,Ponzonatron,
B59-09,NaCl ,KellerPsyco,
B21-14,,chaddercheese,
A63-02,MCTX ,lvnick,
B74-13,,TheDrgnRbrn,
B25-01,|PpP| ,Chapebrone,
C11-06,FnG ,FireNecros,
A21-10,bmBros ,Mojokojo,
A51-08,Fragging Fraggots ,aZsLaVe,
A54-05,,Phoebus,
B38-22,Volunteers / D3RP ,Androktasie,
B69-14,B4LlIsLiFe ,Wontuan,
B73-05,Larry Squad ,Reserved,
C28-04,=HPSF= ,kups,
B71-02,DT ,hatz,
B03-17,Secretely Mexican ,Cindy Crawford,
C13-06,,DR33MEZE,
C27-06,deathbypixels ,Webo,
B74-21,,austincrft,
C57-04,tniggie ,rocketslut,
B29-13,Distinguished Men of Class ,OddJob,
A06-06,,woody,
A13-02,KillerRabbits ,Leo,
B64-12,,CCrimson,
C47-06,,Faust,
B10-19,,Zol,
B07-04,HexagonPC ,LtDan,
B27-01,,V01d3d,
B31-06,DH ,Bleak,
A12-02,KillerRabbits ,mrs. donkey,
A57-04,Overvolt ,72centimeters,
B17-08,The Booze Cruise ,Ragnarok n Roll,
A31-10,Evil ,56kbps,
C54-06,UTA ,Hawk,
C61-10,We Need More Lemon Pledge ,ac1d,
C22-03,Noob Refuge ,Billygoat,
C35-12,DeadlyGaming ,ImJonABoat,
A40-04,RayJ and Cbird ,Courtbird,
B41-15,TF ,Cycl0ps,
C36-11,DeadlyGaming ,BatManned,
C53-06,,X10n,
B26-21,TAW ,Acekiller,
C26-06,deathbypixels ,PartyboyBrandin,
C43-08,Cracked-Ice ,[C-I] Lankovich,
A50-05,,Clef,
A22-04,BAP ,Atomsk,
B65-20,Spacegutter Squad ,contrabandit,
B09-07,Geeksquad ,skon,
A10-02,,LainP7,
B69-17,Tudd Fudders Fan Club ,dflaa,
B56-10,LOCA ,Raider,
B42-20,#JustQuakeconThings ,Laikan,
B66-17,[p*h] ,JackTheRooster,
B68-01,,CazyBeast2,
B26-03,,Reserved,
C46-01,,The Frapster,
A52-05,Fraggging Fraggot ,Awesomly,
B31-21,Crimson Syndicate ,ChoZo,
B25-09,|PpP| ,Andrew,
C53-07,LAG ,GoodBoy,
C44-03,[a2m] ,Althrin,
B01-02,osx. ,ZebraGum,
C29-08,,Upsideup,
B61-04,,Spring Beans,
B14-09,SHERMM ,BlackLancer,
B66-21,NonProphetStudios ,LilHappyKitten,
B18-20,,Lance McHardwood,
A34-03,[Tek Syndicate] ,Commissar,
C44-04,[a2m] ,Mogo,
B21-08,NERDS ,MMEGA,
B21-09,NERDS ,Powers75,
C56-01,,J3ST3R-M4A3,
C09-06,FnG ,bumperbrady,
B32-02,,BlackVen0m13,
C34-09,Team BOB ,Veo,
B34-08,,Reserved,
C38-03,Critgamer.com ,Falcon Five,
B11-01,,Jennixous,
B16-15,Ryan is a slut ,Ghost of Christmas Ass Whoopins,
C26-12,The Booty Alliance ,Harden,
B54-02,Panic/Zombspawn ,RazorbackHitman,
B04-10,,GluttonousTroll,
B52-01,USA ,XiCynx,
C26-09,The Booty Alliance ,The Booty Wariuh,
B32-20,Crimson Syndicate ,Ballsy Renegade,
B46-22,Forum Wh0r3s ,TheWildcat,
B59-12,NaCl ,cbalnites,
C35-06,Megazord Beef 5 ,Gnomelester,
B04-12,,The Messiah,
C15-07,Settlers of Fhtagn ,azurewraith,
C19-01,,hortnon,
C32-05,,OutClassed,
C31-07,zzz ,Reserved,
B53-09,USA ,DJShazzyJ,
B12-03,,Reserved,
B68-20,,Power of G,
B03-02,TrueAchievements ,edawg05,
A24-01,Justices of the Piece ,deathpanda,
B51-11,#2k4ctf ,kokuei,
C41-06,WDZ ,Ryan,
A29-05,,InsaneTurbo13,
B20-19,CyberPolice ,Sharp,
A08-08,V1 Tech ,V1 Alchemist,
B58-11,,Greencrack12,
A70-08,SLAM ,Food Stamps,
C58-11,Wii Players Club ,Reserved,
A23-07,BAP ,jittles,
A16-01,,Easy Meat,
A35-04,Bllindrun Gaming ,Slangarang,
B24-17,The Hue Brothers ,Hispanic Twist,
B46-14,Forum Wh0r3s ,`Ghost`,
B44-21,,Kick Ass,
A58-02,,subwoofer99,
A07-09,V1 Tech ,V1 Guest,
A30-02,,xNotorious,
B27-21,OMNOMCON ,Vurion,
A62-08,[sk] ,kinghippotko,
A55-04,The Cla$$ Act$ ,p4m3LL4,
C50-08,DESU ,Ryan Desu,
B21-22,,Jonshock,
B71-10,DT ,kaycritt,
A52-01,,itsspock,
B35-04,,Reserved,
B67-10,,Mitchel's seat,
B63-06,Nihonhut Consortium ,Ryuu,
B41-20,TF ,Reserved,
A21-02,no muff too tuff ,5yrup,
B22-20,XNXX ,Reserved,
B31-02,DH ,Kainzo,
B74-18,,Lunchboxmaster777,
B74-10,,Swarley,
B57-15,BUTTHUT ,PenalAffliction,
C59-09,Space Potatoes ,Diceu5000,
B56-09,LOCA ,Emma,
B06-22,,m0rt3rf0rk3r,
B33-03,Wombat Wagon ,Signus,
C51-05,L3m0n Ch1ck3n ,Damnitswill,
B15-01,,BleckLord,
A05-04,,A1m1ghty,
B23-09,[B22] ,Servebot,
B02-03,boiz next d00r ,Cuddlebus,
A21-05,bmBros ,Chewytheshark,
C59-11,Space Potatoes ,Edgar Allen Bro,
C43-11,Cracked-Ice ,[C-I] SHL0M0,
C36-10,DeadlyGaming ,Ham,
A32-01,SGK ,Tizirk,
C44-10,,Thuneral,
B69-05,,DrWizardMD,
C10-05,FnG ,Xiohexia,
B35-05,,Reserved,
C10-04,FnG ,Stuff,
B58-04,G.O.R.E. ,teBan,
C45-03,[a2m] ,Ignorance,
B70-07,DT ,RegulatoR-w-,
A21-03,no muff too tuff ,B00,
B61-18,(-W3rD-) ,Sparkymus,
B55-05,HELICON ,Reality-X,
B65-04,Not Applicable ,Marickiya,
A14-08,,Rest In Pieces,
B20-02,,Rimshot,
C27-10,Xmas Lights ,Ein2015,
A04-06,Buttercream Gang ,ev0,
B34-05,Wombat Wagon ,jex,
A26-08,TFB ,Artemis,
B39-20,,Justincredible,
B61-05,,Leeko,
B23-17,,DeathOfDesire,
A24-04,Justices of the Piece ,pandajew,
B59-07,Trick2G ,qtipdoom,
B16-21,[QkPR] ,Swordmechanic,
B67-14,Prosper ,Sadboys,
A21-09,bmBros ,Onyx,
B19-06,[PorkChopSandwiches] ,geppy,
C10-08,FnG ,Reserved,
A18-04,no muff 2 tuff ,thenina,
A08-09,V1 Tech ,HolyAssertion,
B18-13,:)KBK:( ,FluffyPanda,
B10-03,COP ,Standby,
B04-01,TeamPlayerGaming ,nathan000,
C55-05,,Bishbashbosh,
A09-02,OMFG ,MercDemon,
C62-07,BTSX ,BAR,
A16-10,,Great Job!,
C10-06,FnG ,Starlord,
B73-10,,Tubbz,
B40-18,DeathBladez ,Glitch501,
B26-09,,Aizlinn,
B56-07,CROWS ,Big Jeffy,
A37-05,,W0mpRat,
B22-21,,Reserved,
B30-01,DH ,Iknowurcheating,
C61-11,,Reserved,
B30-15,[HOAGIES] ,BrokenSausage,
B61-10,,travnewmatic,
C36-06,,jvh,
B74-17,B7311 ,Reserved,
B71-08,DT ,Reviso,
B43-15,SanAnLAN ,dougp,
A06-01,Forum Wh0r3s ,ShempsKid,
B36-06,id Software ,ZombieShawn,
B70-18,,Reserved,
B06-18,Caveman Clan ,Nox,
B02-08,GFKD ,Zereck,
A60-07,FFS ,Anady,
B20-10,DeW ,Reserved,
B20-08,,AV3RI,
A59-04,Blood Royals ,Lacdannan,
B66-12,,Deadc3lebrity,
B29-19,Crimson Syndicate ,thesuperfishy,
C41-01,WDZ ,c0nn3ct3d,
B29-22,Roflcopter ,r45k,
A55-07,,AtkinsFriendly,
B32-13,Crimson Syndicate ,Amadeyus,
A31-06,,MrD1sturbed,
B50-04,#2k4ctf ,Blimpo,
B58-06,NaCl ,Bloodude,
B67-07,,Maikanto42,
A26-01,BIF ,lonestaz,
B29-02,,Reserved,
C52-01,Trigger Warning ,Shang Hai,
B04-09,TeamPlayerGaming ,Codilee,
A03-07,,Injun_josh,
A30-04,,ElectricSheepy,
B33-16,YBYS ,Rhombas,
B37-21,,Tenen,
A73-04,Hammered ,icen1n3,
C57-03,tniggie ,Reserved,
B71-20,Need Moar Pylonz! ,kenney5248,
B31-19,Crimson Syndicate ,peanut146,
B51-06,#2k4ctf ,DSK,
A40-06,GiFT ,sabre3999,
B32-21,Crimson Syndicate ,Claidissa,
B55-08,,RazorbackHitman,
B18-22,,DataSpree,
B27-03,,JoabR,
B58-16,FourthSeal ,samruaislayr44,
B52-18,HYBB ,Tinkles,
A67-04,CRAAAAA!!!!! ,garbagemanv2,
B68-06,,Rippled Nipples,
B01-04,GWR ,TexasTornado,
C34-05,,CShotgun,
B16-20,[QkPR] ,IcyMind,
B08-09,,YaBloodyWanker,
C10-11,SVGA ,Reserved,
B60-07,,ElGenerali,
A23-06,BAP ,HardwareGuy,
B18-07,,Panda,
A58-06,Blood Royals ,MOwens86,
C38-01,bustin_the_nuts ,fearlesMICHELLE,
C51-11,,McSlashed,
C13-10,,jonnymuerte,
B03-18,The Butt Bangers ,Stan Lee,
B35-10,Europe Gamers ,Lan-Di,
B12-08,,DocWat,
A58-10,Maniacally Mad ,Nothingguy,
A65-02,Lord's Force ,JunoLazerlove,
B15-09,,Da British Guy,
B29-08,ASr ,Ropps,
B32-05,,Reserved,
A64-01,Lord's Force ,AquaneerSupreme,
A55-05,The Cla$$ Act$ ,Aboth,
B68-09,,11UCBearcats,
B32-08,The Red Xs ,Omega12,
B34-14,,Nerdform,
C49-10,ORTPRO ,ORTOROryan,
B21-04,NERDS ,bmonboy,
A59-09,,Lorzoth,
C59-02,ACD ,tubes,
C40-04,JAWA ,Caydenvon,
B38-20,Volunteers ,DKP,
B08-05,,shikimai24,
B15-13,,cochise99,
C56-08,Pingas Expresso ,Oh Da Hamboigahs,
B18-06,,Zero Hour,
B17-19,dp ,kirkham,
B13-01,MAGG ,SNDS117,
A29-02,=FAP= ,BeepJeep,
B31-05,RXS ,Ashadin,
B60-02,TEAM USA ,duh.meat,
C43-12,Cracked-Ice ,[C-I] Chesty,
B25-08,|PpP| ,SuperNintendoChalmers,
C29-01,=HPSF= ,1818,
B52-12,USA ,Sdanger,
B04-13,,Shibbie,
A52-08,JwS ,CINDERS,
C28-05,,dboyvo,
C12-07,(_(_)BUTT ,(_(_)Masterchops,
B58-09,NaCl ,DEATHDEALER,
B64-11,,Luftwaffles,
A36-01,Q2LMCTF ,uwantEm,
A70-06,SLAM ,Hemlock,
B39-13,Staff ,Requ13m,
C11-01,[FnG] ,McGavin,
C25-11,The Booty Alliance ,Ginox,
A30-10,,Hocheckin,
B38-15,,Reserved,
B64-06,Gladium ,Powerful Voss,
A56-04,Overvolt ,zeeee34,
B24-07,,Reserved,
C29-07,BGB ,vlance,
B11-22,,k1ngmeow,
A10-01,FortLAN ,BIG-SPENCE,
A50-01,,Orlandeau,
C54-07,Oob ,Oobios,
A50-02,,figure4,
C58-06,,Reserved,
B74-16,,Lethalcoffee,
A03-01,,BMWodarski,
B57-08,CROWS ,Reserved,
B33-18,Crimson Syndicate ,CampKenae,
B54-13,LAG ,BuzzKiller,
C54-08,DON'T NEED NO CLAN ,Basket,
A09-08,FortLAN ,s_mason16,
A25-08,,bunnybomb,
B71-09,DT ,armbarr,
C34-03,,DeadlyKitty,
B63-09,NEUBAOWNSTHEQUAKECONPAGE ,Neuba,
B65-13,,Reserved,
A58-05,Blood Royals ,Hoshikuro,
C40-01,,FuzzyCthulhu,
B28-13,Distinguished Men of Class ,Reserved,
B73-13,,Shiko,
B72-03,INDT ,Reserved,
C09-12,,Reserved,
A66-04,Skype Lids ,Mr. Kite,
B08-01,HexagonPC ,larainzlo07,
B52-21,HYBB ,Bonestorm,
A42-01,Reckt'em ,Reserved,
B51-17,Little Bic ,NightBlood,
C32-12,EW ,JackGreen,
B11-16,TheMetro ,Ibotah,
B03-01,TrueAchievements ,stew7padaso,
B59-14,C4 Yourself ,themitch22,
B72-04,,Reserved,
C60-01,,Fluffy,
B17-17,,Matthew9559,
B07-06,NikNak ,Reserved,
C50-04,[D|T] ,Palarious,
B11-21,,jrazzzz,
A28-07,Bewts Wit Da Furrrrrrrr ,ThesaurusWrecks,
C15-09,FSLAN ,Lightbringer,
B11-14,TheMetro ,MothaChicken,
B58-20,WF Gamers ,Crazysquirrel,
C29-09,BGB ,Reserved,
B63-05,NEUBAOWNSTHEQUAKECONPAGE ,ANDREW,
B56-04,,Pants,
A03-05,Buttercream Gang ,The Cream Master,
B65-06,Not Applicable ,Demolition Spud,
B51-10,#2k4ctf ,chubby,
B59-16,C4 Yourself ,Hydronine,
B74-12,,NoobTeam2012,
B58-21,WF Gamers ,Zeroic,
B49-06,,Winsaver,
C46-03,[a2m] ,Cobalt,
B71-19,Need Moar Pylonz! ,razldazlchick,
B69-20,,Knappy,
A71-02,SLAM ,Jbiggles,
A56-10,,conwac,
B64-22,Spacegutter Squad ,Cheshire Cat,
B14-14,Evil Inside ,Artificiary,
B38-18,36K ,BWTadpole,
UAC-13,[a2m] ,Canada,
C45-06,[a2m] ,Chowmein,
A19-01,,Hambone,
B65-15,,ThrillaGorilla,
B21-06,NERDS ,GymThug,
A72-07,,THRASH DADDY,
A12-01,KillerRabbits ,Reserved,
C35-11,DeadlyGaming ,Stevo,
A26-07,TFB ,ni-san,
A60-08,FFS ,Taliff,
C51-07,Daz Clan ,DAz,
C55-12,,Reserved,
A33-04,SHAFT ,XTrid,
B64-05,Gladium ,Gillette,
B29-18,Crimson Syndicate ,MrTheGooch,
C55-06,UTA ,Shadow_Smile,
B66-07,Furries ,baconops,
C27-08,Xmas Lights ,Reserved,
B22-18,XNXX ,Reserved,
B04-08,-)Death(- ,Grey -js-,
C55-04,,iamkevbot,
B13-14,NPG ,KarenC,
C59-07,1S2L ,AverageSandwich,
B18-03,SMEGMA ,ugLee,
C40-07,JAWA ,Hyperion,
A15-07,BAP ,Shooty McDiesAlot,
B69-09,Tuddfudders ,DreamFish,
B35-13,,MrGoat,
A31-01,BurningPuppies ,Celex,
C16-04,Octo ,Esk,
C62-11,,Crims0nWave,
B36-20,Murder Me Inc ,DeadlyKitten,
B70-20,,MajorMaxi,
B10-13,,Rethre,
A04-02,scrubs ,Reserved,
B10-21,ClashGamer ,ImInLoveWithTheCoCo,
B20-16,CyberPolice ,Yungtaekim,
B52-17,HYBB ,Shankus,
B64-14,Spacegutter Squad ,schlort,
A73-02,Hammered ,Tzitzmitl,
B45-21,[a2m] ,SkaFreak,
C55-07,The Flaming Gaze ,BigOlFloppy,
B04-20,Mutiny ,Powerswitch,
B72-16,Need Moar Pylonz! ,techienerd01,
B37-18,House Zemog ,Reserved,
C37-03,Critgamer.com ,Verbatim37,
C27-01,Llama ,Lemmings,
B65-18,Spacegutter Squad ,Ettun,
A12-04,KillerRabbits ,Quick2Die,
C34-12,Team BOB ,Kraden,
B70-16,NEUBAOWNSTHEQUAKECONPAGE ,Reserved,
B23-18,XNXX ,Wheatshat,
C32-03,Techit ,Xpolicy,
A05-03,,bzar,
C39-05,JAWA ,ArsenicBud,
C17-04,Come in with the milk ,Alu,
C12-09,(_(_)BUTT ,spartan5811,
B74-07,,Alaf,
B65-11,,Reserved,
A61-01,,lilman505,
B69-19,,gimmedacash,
C44-02,Super Barley Bros ,ph03nix42,
B29-15,Distinguished Men of Class ,BanjoBurrito34,
A34-10,,deckardrun,
B06-04,,AmBamQuinzel,
B50-06,#2k4ctf ,Esporanza,
B01-13,GWR ,Murpheous,
A25-02,,StrangeloveMD,
A17-04,no muff 2 tuff ,Siege,
A54-10,,Reznic,
B45-18,[a2m] ,Minideezel,
B25-06,|PpP| ,exacerbater,
C42-07,TRO ,Tinker,
UAC-01,[a2m] ,BouvToTheMax,
B60-05,TEAM USA ,RambeauxsCuzn,
B69-22,Triandonals ,TwistedFate68,
B73-08,IMB ,LordGooch,
B53-19,HYBB ,MelMar,
A02-04,Kato ,Suic1deTM,
B11-19,TheMetro ,Abigantimos,
C53-09,,Falafel,
C54-05,UTA ,Drakke,
B61-15,,remsave,
B11-05,,HurricaneShane,
C19-04,,Inarius,
B30-07,DH ,Burson,
B23-08,[B22] ,BigPapi,
C17-01,,Thedarklord,
A58-03,Blood Royals ,Areadne,
C50-10,Quatches ,Chronoite,
A35-03,Blindrun Gaming ,blindrun,
B63-04,Nihonhut Consortium ,Arochi,
A21-01,no muff too tuff ,GuyMcAwesome,
B37-20,,Vanskater,
C26-07,deathbypixels ,Stalat,
A05-05,,reigN,
B23-19,XNXX ,MrBojanglezz,
B20-20,CyberPolice ,Wizard,
B17-02,,ComaToast,
C33-07,Team BOB ,Tr1ckm0nk3y,
B64-04,Gladium ,Dragonscreed,
C61-06,BTSX ,Char,
C46-06,C-Sec ,J0rmungandr,
A07-07,V1 Tech ,Chef Bobert,
B06-17,Caveman Clan ,Mr. Barley M. Pushing,
B66-14,[p*h] ,Cubd,
B71-18,Need Moar Pylonz! ,Danktron Prime,
A13-09,,Sakiana,
B22-08,[B22] ,dweeb,
UAC-11,Forum Wh0r3s ,FreAk,
C38-06,bustin_the_nuts ,Bustin The Nuts,
C60-08,1S2L ,Asteromeda,
C12-01,(_(_)BUTT ,Hugh Janis,
B02-02,GWR ,Phoenix_GWR,
C27-12,grÜp with xmas lights ,Mp3PlayingBreastImplant,
B51-13,#2k4ctf ,Joequel,
UAC-20,,Viking Lord,
B43-18,SanAnLAN ,Oak,
C56-02,,Mead,
B32-17,dank ass memez ,[dAmZ] Theokrin,
A17-01,,JustaRedShirt,
A23-08,BAP ,loltanner,
B25-04,|PpP| ,Geveeso,
B13-10,,Reserved,
A16-02,FSL ,Spankolli,
UAC-03,[a2m] ,Det,
B72-11,IMB ,Willlethekid,
B27-13,TAW ,Cullen,
B57-06,CAEK ,Madfightermike,
B01-06,,Kokone,
B15-21,Space Narwhals ,Juukka,
B01-10,Frag51 ,Reserved,
B41-21,#JustQuakeconThings ,Nobelium,
B06-13,,Reserved,
B27-05,775 ,CrAyZeD,
A54-07,,Dr. Fragger,
A62-06,,FuttBucker,
A54-01,#natdm.ql ,aMunster,
C09-04,FnG ,biotasticmann,
B70-04,DT ,tgh',
B57-17,BUTTHUT ,Sensual Lumberjack,
B29-21,Roflcopter ,Topherhead,
A18-02,,miiba,
C13-08,,WrightTheWrong,
B25-05,|PpP| ,The Hoopla,
UAC-17,Forum Wh0r3s ,Kigen,
B08-04,PAXholes ,beenerina,
A33-06,,Onecimo347,
C38-04,bustin_the_nuts ,SSTwerk,
C42-12,Ironfist Rangers ,Jabba,
B71-06,DT ,jL,
C56-07,The [405] ,TwooPacc,
B39-14,DVDA ,Raging_Pestilence,
A30-09,,rewted,
B10-11,[MiT] ,d1duck,
A20-07,no muff too tuff ,leesauce,
B02-04,GWR ,Hazzard1994,
A13-07,KillerRabbits ,Teravolt,
B58-01,,BoBetson,
A18-07,PWNS ,OuchIAteMyselfs,
B74-09,,FrenchSexy,
A63-06,What UGANDA do about it? ,JackintheB,
B59-01,,robk,
A22-07,BAP ,TonyPerkis,
C16-12,4MB ,CHATHAM8,
C58-09,Wii Players Club ,Hammersticks,
B02-05,,nxs_,
A41-01,Reckt'em ,Overlord5670,
B29-20,Roflcopter ,Snowknight26,
C23-02,Facestab ,Plume,
B24-09,Underscore ,Rookie One,
C64-06,TASTYDICKS ,jizzjuicebox,
B36-05,id Software ,Tricell,
A18-08,PWNS ,megabytemike,
B36-01,,Bearrito,
B42-21,,Night_Wing,
B04-03,TeamPlayerGaming ,MainEacK,
A19-02,,Crys,
A50-03,,Force,
C53-08,LAG ,Mad_Hat,
B12-02,,helix_3,
A42-02,Reckt'em ,DefinitelyNotLanc3,
B69-06,Tudd Fudders Fan Club ,Milkbone911,
A71-03,SLAM ,JakeboySnakeman,
B34-10,id Software ,patd,
C42-02,WDZ ,Freak,
C33-04,,Reserved,
A67-07,CRAAAAA!!!!! ,Popsock,
A69-06,,Kimbabwe,
C33-08,Team BOB ,PTRx2,
B29-01,,Reserved,
A03-03,FG ,Reserved,
B24-16,The Hue Brothers ,The Magical Dinosaur,
B37-14,Dead Presidents ,Defender2803,
B32-19,Crimson Syndicate ,GerbilTwenty,
B30-18,Crimson Syndicate ,Verinor,
C60-12,Space Potatoes ,ZeroGuardian,
A39-03,SeaBiscuit ,Reserved,
C13-09,,P1Z3r0,
A56-01,SCOOOOOTER ,Scooter,
A09-07,Star Texans ,Shinjitama,
B51-18,Little Bic ,Flipper,
A27-09,,Khal Burko,
C32-08,Techit ,D281knilb,
UAC-06,Forum Wh0r3s ,Neg1,
C47-08,,Dimmadome,
C16-02,,Vyrax,
C60-05,1S2L ,Leomear,
UAC-31,[Tek Syndicate] ,DANGEROUSGIRL,
B71-16,DT ,dlb,
B70-15,Tudd Fudders Fan Club ,MwThink,
C57-06,The [405] ,RevenantXion,
C36-03,,Sketch,
B73-16,,Obesity,
C25-09,The Booty Alliance ,Teeto Puentes,
B15-02,Taco Stand ,wildtype,
C11-05,,MiP RvB Caboose,
B31-20,Crimson Syndicate ,DarkMalice,
A23-09,,bohica,
A18-09,PWNS ,Sparhax,
B54-09,,Chron D,
C43-10,Cracked-Ice ,Kremmel,
B38-14,,barb,
C13-03,(_(_)BUTT ,Mc butter,
C51-09,,commedesfucc,
C61-04,BTSX ,Mary Fallin,
B11-20,,Reserved,
C21-03,,fifytwelve,
B66-04,,TheAmazingDP,
B70-01,DT ,ryos,
C33-05,,Tempest,
B60-16,(-W3rD-) ,Fancycakes,
B36-13,,OMG_popsicles,
B06-02,,Reserved,
B29-10,,Freke,
C64-03,,Not0The0One00,
B73-18,Team Gigga ,GeOvOiD,
B25-17,TAW ,FlyDog,
B44-19,[a2m] ,TTimo,
B17-15,,Skraps,
A26-05,,Reserved,
A10-04,FortLAN ,Vesuvan,
B14-10,SHERMM ,hiltonexecs,
A68-09,Taxonomic Dog Party ,Repulse,
C19-02,,Dogmeat,
C24-02,,BroHammer,
B73-20,Team Gigga ,Echoic,
B50-10,#2k4ctf ,KillEmAll,
B21-03,DeW ,Abox,
B34-04,,Kasijjuf,
A07-08,V1 Tech ,FilipinoAmigo,
B23-20,,Gen,
C55-08,,GURU_M1CAH,
B06-11,,Reserved,
A51-06,Fragging Fraggots ,Adofo,
A72-01,Hammered ,Niphim,
B45-19,[a2m] ,fragtastic,
A33-07,,sitremba1,
A34-04,[Tek Syndicate] ,BioBandit,
B63-01,Nihonhut Consortium ,Kabi,
UAC-12,TBA ,Dwango,
A53-10,JwS ,khaotik58,
B56-01,,Tropical Bob,
A24-03,Justices of the Piece ,Reserved,
C56-12,,Kameleon,
B12-11,NPG ,NeoNed,
C48-02,,LAMPAK,
B31-18,Crimson Syndicate ,Kenae,
C40-05,JAWA ,Dawscon,
B12-13,NPG ,BoneHavoc,
B23-05,[B22] ,Wildnuke,
A53-01,Oni-Cade ,Big Bruno,
A01-02,SpiderMan Chat Desu~ ,Scottiec93,
C23-06,,Blinkxr,
B66-11,W34k S4uc3 ,C4talyst,
B30-10,DH ,Reserved,
B02-15,,HORNET,
B30-08,DH ,S1deffect,
A62-10,[sk] ,Billeh_mays,
B02-01,,Skorno,
A66-06,Amish Assassins ,Kappus,
B14-04,We Don't Pull Out ,Reserved,
B55-12,LAG ,Reserved,
B53-13,USA ,BROMBRE,
B45-17,[a2m] ,vix,
C40-03,JAWA ,The Real Coach K,
B67-15,Prosper ,Pooky,
B72-13,Pi Kapp ,Bawl is Life,
C27-09,Xmas Lights ,Jamwise Slamjee,
B46-20,[a2m] ,Skipperdo,
B07-11,Fire Team Haboob ,ElmoDestroyerX,
A28-08,Bewts Wit Dah Fuhrrrrrrrr ,Hellcat,
B09-16,The Bobandy Family ,Reserved,
B30-17,Crimson Syndicate ,Anpther,
A31-08,Evil ,PoizonIV,
A13-03,KillerRabbits ,smooofa,
B73-04,Larry Squad ,Reserved,
C13-07,,Cupcak3,
A11-06,SFN ,KingDong,
C61-02,BTSX ,Mitchapalooza,
C48-05,DoB ,former carebear,
A52-07,JwS ,Joker,
C38-10,HyJynx ,StynkyJynx,
B67-20,Prosper ,bchuck,
B02-06,GFKD ,Spaceball,
C13-12,,GntlmnBstrd,
C37-05,Quake N' Bake ,Sacrificed,
B73-19,Team Gigga ,Whiteboy!,
C16-08,Octo ,Automatica,
C31-10,,Charnutz,
C11-03,,Jenniraffe,
B32-22,Crimson Syndicate ,Prince Fi,
B20-04,,J0E,
B28-15,Distinguished Men of Class ,Reserved,
B67-04,Equinox Visual ,Reserved,
C48-06,DoB ,tiggles,
B61-03,,Rolarin,
C44-08,Daz Clan ,JoJo Cs U,
B73-01,,Pshycoguy01,
B44-20,[a2m] ,TheUberMensch,
C40-11,JAWA ,WesMantooth,
B53-08,USA ,Grobasch,
C51-06,L3m0n Ch1ck3n ,Katamari102,
B06-01,,bullock081705,
A66-09,Amish Assassins ,Advocate,
B68-04,,subetai,
A01-05,SpiderMan Chat Desu~ ,Nod,
C14-04,FSLAN ,BitKiller,
C12-05,(_(_)BUTT ,Alvl99Selby,
C28-12,Xmas Lights ,LSOne,
B13-19,[k^3] ,Rail,
B27-20,TAW ,sweet.,
A51-05,,silent tone,
B06-05,The Bacon Trolls ,BFG9001,
B65-01,,jodoBird,
B10-17,ClashGamer ,Th3MadCow,
C38-07,bustin_the_nuts ,Twerkbuzzard,
C63-10,,Synessa,
C53-01,LAG ,NiTeLiTe,
UAC-16,,Portman,
B52-15,,-qp- Secks,
B35-16,8===D ,Pr|soner627,
B64-15,,ZexxyBeast,
C56-09,Pingas Expresso ,Linalae,
A73-03,Hammered ,cataract,
B37-16,Forum Wh0r3s ,DarkSideofOZ,
B66-02,Just 2 Guyz ,Guy #1,
A53-08,JwS ,Ranman,
A34-05,[Tek Syndicate] ,imaximus,
B50-20,,CookieDragonLTE,
B60-14,C4 Yourself ,Azureion,
A53-02,,Zeo1,
C44-06,[a2m] ,CrioKnight,
A12-10,SFN ,whiterice,
C25-10,The Booty Alliance ,Teal Spectre,
B66-15,0xRoots ,Reserved,
B59-21,East Texas Nubs ,Cr0W,
A27-04,,Ranger-X,
C20-06,Nsomnia ,Henchman83,
C57-10,Wii Players Club ,Fangorn,
A08-05,,Josh,
B36-16,8===D ,makirules,
A15-05,,Asterisk73,
A68-02,Casual Mode ,Wastrel,
B62-12,NEUBAOWNSTHEQUAKECONPAGE ,Etspeed,
B20-15,CyberPolice ,seak,
C57-08,Wii Players Club ,Ragtag21,
B60-06,,Nomad313,
B11-02,TAW ,NavyChief,
B30-06,DH ,Frogzombie,
B40-13,,Funkula,
B15-17,Space Narwhals ,Flye,
A14-03,Pwnzerfaust ,xlr8,
A28-06,Bewts Wit Dah Fuhrrrrrrrr ,LaAwesome,
B62-03,,Swavorly,
B20-14,CyberPolice ,BananasWithAppeal,
B27-15,TAW ,Reserved,
A26-02,BIF ,mmmeff,
A16-08,,Qthooloo,
C29-05,BGB ,m1abram,
A16-05,FSLAN ,MvN_Touk,
C13-02,,Reserved,
A01-06,,enyco,
A53-07,JwS ,B3rz3rk,
B62-14,NEUBAOWNSTHEQUAKECONPAGE ,cat vondy,
B67-19,Prosper ,Alethium,
C54-03,UTA ,Aethum,
B18-05,Blackhole Gaming ,Innsomniac,
B49-09,,KellyCatt,
B25-03,|PpP| ,Gopher,
A07-06,,Reserved,
C35-05,,Fallen,
B49-04,,MWGjak,
B57-14,BUTTHUT ,SrapeGoda,
C09-03,,Deathbreeze,
B69-02,DT ,aesthetix,
B53-18,HYBB ,Pejah,
A67-01,,Swede,
B51-01,#2k4ctf ,ChoWY,
B12-12,NPG ,Hito,
B65-10,,SerialApeist,
B07-22,Dallas Powerlifting ,Shy,
B22-06,[B22] ,Acelias,
B66-10,,ScootyPuffJr,
A32-04,SHAFT ,burnt_t04st,
A71-06,SLAM ,Reserved,
B45-14,[a2m] ,FADE,
A70-03,SLAM ,Flipside,
A67-09,CRAAAAA!!!!! ,mtodd09,
B28-08,,MassivePARANOiA,
A64-02,Lord's Force ,Lunchboxbeard,
B20-07,,SkullQueen1313,
A38-06,,Reserved,
B60-04,TEAM USA ,Barnaby,
B72-22,Ravage ,Prinks,
A31-03,BurningPuppies ,Phailsafe,
A26-03,BIF ,Deceptacle,
B73-22,Team Gigga ,Xanadu,
A69-08,Chat 2 ,Abridge.c2,
A32-05,SHAFT ,Brucifer,
A55-10,,KillaB,
B56-02,,Wildecat,
UAC-07,Forum Wh0r3s ,BENTLEY,
A12-07,SFN ,Run_Silent,
A30-08,GamerzUnite ,DrFraggles,
B55-01,Panic/Zombspawn ,ModernSlave,
B14-05,We Don't Pull Out ,Datalus,
C64-01,TfkT ,Stealthgyro,
A37-04,,iTZKooPA,
B58-17,WF Gamers ,DaFerg,
B29-17,Distinguished Men of Class ,Jeager Bombastic,
A15-06,no muff too tuff ,Reserved,
C62-08,,Reserved,
B18-17,QUACKCON ,exterminat,
B67-12,Bootyhole Inc ,Fabio Enchilada,
B53-22,HYBB ,Moses,
B17-22,dp ,nogs,
C58-10,Wii Players Club ,Amputect,
C28-10,Xmas Lights ,Ironhawk,
B43-19,#JustQuakeconThings ,Agentwise,
C48-07,DoB ,The Pope,
C51-02,L3m0n Ch1ck3n ,Aethrius,
B51-21,IOWA ,Volnai,
C57-05,The [405] ,Evella,
A16-06,,Reserved,
B01-07,GWR ,Psycho7shy,
B69-13,B4LlIsLiFe ,Geno,
B43-20,[a2m] ,Fellstrike,
A56-07,Overvolt ,Draegon401,
B38-17,36K ,atomek,
B57-22,Really Old Men ,Bakingsoda Armscrong,
UAC-32,OMGIMDRUNK ,Immosabi,
A61-05,,TaryNNNN,
A09-03,TK ,Reserved,
B12-17,,AU_Speed,
C62-03,BTSX ,Junckaroo,
B64-01,Gladium ,CRACKBONE,
B65-16,,GameWarden,
B72-01,INDT ,Reserved,
B29-05,ASr ,Neozilla,
A29-09,Gamerz Unite ,megamanx00,
A68-08,Taxonomic Dog Party ,Ktargo,
B55-07,Panic/Zombspawn ,Hogan,
B21-05,NERDS ,jdubz,
C21-01,,temper,
B08-02,PCPartPicker ,manirelli,
B13-02,MAGG ,Brobotjox,
C31-11,EW ,Bowhuntr11,
A41-04,,macamac,
C47-03,[a2m] ,Heem,
A22-03,bmBros ,McCoy,
B60-22,East Texas Nubs ,VikingBadger,
C46-07,,thedefector,
B54-06,Panic/Zombspawn ,AlterSlave,
A38-05,,MadHatter,
B59-17,C4 Yourself ,SnoochieBooch,
B62-21,,LoreDragon,
A41-06,Hustle & Doom ,bigdavidmullins,
B35-18,,crazythan,
A52-06,JwS ,nfinitesimal,
B05-13,,Ribbie,
C18-01,Blitzkrieg ,Blitz!,
A15-08,fuckrrightinthepussy! ,Fukubear,
A30-07,,kingBROseidon,
B67-05,Equinox Visual ,Afrosheen,
UAC-15,[a2m] ,Lohkie,
A29-07,,ScatBlaster,
A02-06,Kato ,JillJillJill,
B18-18,QUACKCON ,SanicRealm,
C26-10,The Booty Alliance ,ThePinkBluR,
B70-09,DT ,thmpr,
C25-06,deathbypixels ,Vash,
UAC-30,-FR- ,D4NG3R0US,
C28-11,Xmas Lights ,Aznwaifu,
B28-05,ASr ,lenarschnitzel,
B12-06,Counter Goat Initiative ,TMD,
B58-19,WF Gamers ,fluffymexican001,
B33-13,YBYS ,Prof.Blowhole,
C44-05,1up ,Pyrite,
A06-02,Dookie Monsters ,silingi,
B70-06,Tudd Fudders Fan Club ,DJ9123,
UAC-28,,Reserved,
B34-07,[TAC] ,xNubZx,
A73-05,Hammered ,Bishizel,
C27-11,Xmas Lights ,cdasreichk,
B34-21,,Reserved,
B61-11,Barely Acceptable ,Reserved,
B33-19,Rogue Squadron ,Nemesis3640,
C39-12,JAWA ,BOHNZ,
B15-20,Space Narwhals ,Hapless,
B62-02,,Reserved,
B19-02,,Brac2009,
B09-19,IDGAF ,jesse2015,
B56-20,Really Old Men ,The American,
B74-20,,irrris,
B53-07,USA ,WolfeVII,
B71-14,DT ,j4ck,
B73-14,LXIX ,fluff3panda,
B18-16,,Big Dookie,
B25-07,|PpP| ,Mr. Guggleywubbins,
B14-22,,DonkyPunchFTW,
B59-11,,Warpuppy,
B61-12,Barely Acceptable ,Reserved,
C10-02,FnG ,Hardwire,
A73-08,Kennimonsters ,Badger,
A59-05,Blood Royals ,Oricseviltwin,
A55-01,4saken ,lun,
B32-14,Crimson Syndicate ,Tenryu,
C31-01,,Poofynickels,
B41-17,TFS ,GDIsteve,
C16-09,FSLAN ,OM3GAclone,
B28-20,,UmaTora,
A57-01,,chilipepperpie,
A69-01,Casual Mode ,Derel1ct,
B02-14,Fools ,Ravar,
B07-01,HexagonPC ,Lavins,
A01-07,,Reserved,
C62-01,BTSX ,iambookcase,
B04-06,,XPAN7ER,
A05-09,Dirty South PC Mods ,Dark Spider,
B52-06,USA ,Azor,
B34-06,Wombat Wagon ,jrj,
B40-14,DVDA ,Kommatose,
B64-10,,Crawdaddy,
C11-10,SVGA ,Synesius,
A23-01,,Fifel,
B26-01,,Trunks,
B54-21,,Belligerent Engine,
A56-05,Overvolt ,Bobjonez98,
B08-13,Gamers of OSU ,texan eskimo,
B10-16,,TheVirginLeaguer,
B44-18,[a2m] ,Dead Beat,
C23-01,Facestab ,Bytemonger,
B30-19,Crimson Syndicate ,StalinKnowsBest,
B55-10,CrackSmokingMonkeys ,Jagermaster$100,
B25-14,,LivingLegend,
B04-21,Mutiny ,Chempy,
B20-06,,Bobthehobo,
B63-16,,Sabre,
C42-08,TRO ,HELLKAT,
C36-04,,grunt0304,
B64-09,,Go0ch,
C61-12,,Super Soaker,
C43-06,Cracked-Ice ,[C-I]car6on,
B61-16,Chemical Crisis ,Reserved,
C09-02,,Cyl0nHunter,
UAC-05,Forum Wh0r3s ,sirskippy,
B59-05,,Naejeon,
A25-01,Crab-Battle ,RagNoRock,
A68-03,Casual Mode ,Narwhalrus,
B46-15,[a2m] ,Gutter,
UAC-22,I Can Haz DC++? ,HungryNinja,
B71-05,DT ,rax,
A72-09,,Sloth Broth,
C25-05,deathbypixels ,Vera,
B34-01,id Software ,Twillits,
B15-08,,Trademark,
A33-08,,t3hj4p,
B15-07,,joshuwaaaaa,
A65-10,b2m ,MrTheBest,
B33-15,YBYS ,MaXiMuS,
A28-03,Bewts Wit Da Fuhrrrrrrrr ,BibbyBear,
C37-07,Quake N' Bake ,Tc572,
B41-16,TF ,Dooi,
B74-15,,Nosferaptor,
B74-19,,Professor Bluntington,
B17-06,,Distine,
C47-02,,VanDerWaals-2,
B09-22,IDGAF ,Kitinaice,
B36-17,,Reserved,
B69-04,Tudd Fudders Fan Club ,ComeatmeBRO,
B17-13,QuadX ,QuadX,
B42-13,Texas Gaming ,auRora,
B69-08,,TheSweatyButcher,
C12-08,(_(_)BUTT ,GeneralJones,
B52-09,USA ,CinderByte,
B54-18,Kill Your Attitude ,darthsunshine,
B31-04,RXS ,Ghostgtx,
A15-09,fuckrrightinthepussy! ,b1ak LoTuS,
A69-05,Chat 2 ,Reserved,
B56-22,Really Old Men ,Tulbuckea,
B62-16,NEUBAOWNSTHEQUAKECONPAGE ,robpodo,
C45-07,,Funke,
B62-07,FS ,Reserved,
B67-17,Prosper ,austEn,
C49-01,,Reserved,
A74-05,,Reserved,
A20-08,{DFM} ,ic3ix,
B07-13,,Zambrano,
C17-05,Come in with the milk ,Chair,
B26-18,TAW ,Reserved,
B56-16,BUTTHUT ,Nine Asses,
C18-06,Nsomnia ,W1ckw1re,
B20-21,,Reserved,
A19-04,Killer Rabbits ,Hardball62,
B33-14,YBYS ,Pwntatos,
B17-09,The Booze Cruise ,a baby rabbit,
B28-10,,emtle,
B28-21,OMNOMCON ,EyeheartPie,
C56-04,The [405] ,Tindolos,
B03-07,Provectus ,Reserved,
C32-04,Techit ,Dynamite149,
A20-04,no muff too tuff ,Electrolight,
A06-10,V1 Tech ,Red Harbinger,
A20-05,no muff too tuff ,Daniel,
C34-01,,Dawgy,
B45-13,Forum Wh0r3s ,MrEvil,
B24-13,The Hue Brothers ,Tromboy,
C11-08,FnG ,Zedoya,
B68-11,,Monkeyboxer,
B55-19,K4H ,Knossos,
B35-06,,Red Lobster,
B56-12,,mister susan,
B66-06,Furries ,AshTR,
B42-22,#JustQuakeconThings ,Sw1f7,
C62-02,BTSX ,Captain Battleship,
B70-19,,AaronLee0079,
C44-12,,Seymour Bodies,
C53-05,,B0n3,
A71-09,SLAM ,Reserved,
B25-16,TAW ,wacky,
B05-04,TeamPlayerGaming ,Kibner,
B35-01,Fusion ,mag_safe,
B03-08,Provectus ,Reserved,
B68-10,,Pants,
B06-10,,Streak247,
A60-09,FFS ,Talumar,
B61-09,p*h ,Posar,
A63-08,What UGANDA do about it? ,Fetus Christ,
B70-12,Tudd Fudder's Fan Club ,ZeroKateo,
B69-15,ᗺ4\/\/L5 4 L1f3 ,Homen,
C33-03,,Reserved,
C53-03,,pandastar,
C45-09,,Reserved,
A02-07,Kato ,kylemaybe,
A61-02,,Jittlelames,
A56-02,SCOOOOOTER ,TheStig,
B31-15,Crimson Syndicate ,Phalanx of Pugs,
B27-06,,ARiceParadise,
A66-05,CRAAAAA!!!!! ,Infinite1,
B71-07,DT ,CodeSpawn,
C22-01,,Vandown,
B17-04,,RedLeader,
A73-09,<TNQ> ,Reserved,
C39-04,JAWA ,Fairchild,
B10-18,ClashGamer ,Nanogenix,
B60-19,East Texas Nubs ,Biggity,
C64-10,Cake Squad ,Cake Lancelot,
C22-05,Noob Refuge ,data.,
B25-21,BreakTheResistance ,Kennyizretro,
B66-03,Just 2 Guyz ,Guy #2,
C43-07,Cracked-Ice ,Reserved,
A54-03,The Cla$$ Act$ ,Airycha,
B13-04,LiTHiA Gaming ,EmeraldShift,
C45-10,,Shanno,
C13-04,(_(_)BUTT ,Pi Gu,
C25-04,deathbypixels ,raccoonfury,
B29-03,,iggi,
B54-04,Panic ,Shohei,
B03-15,,Reserved,
A71-04,SLAM ,Mystery Sock,
C32-01,Techit ,Jewrrick,
B15-10,,MrWahfulairon,
C29-06,BGB ,Reserved,
B22-16,,Antroxium,
A65-01,Lord's Force ,Hustle Bones,
A19-07,Killer Rabbits ,Weasel,
B09-02,,Mr.Shlubb,
B26-14,,wat,
B53-11,USA ,Sorato,
B46-16,[a2m] ,Ancients,
B21-20,Brazzers ,Boy with a Cool Dick 2: Nailin' it!,
B26-20,OMNOMCON ,Taudry Hepburn,
A13-04,KillerRabbits ,ACupofJoe,
B71-17,Need Moar Pylonz! ,SnarledTomb,
B63-13,NEUBAOWNSTHEQUAKECONPAGE ,Joefish,
C22-06,Noob Refuge ,nomx,
B36-09,id ,SECRETninja,
B70-13,,Ribby,
C64-05,TASTYDICKS ,Tatersalad,
B35-08,not buyin it ,theangnat,
B36-21,Murder Me Inc ,The Rabbit,
B49-05,Gassy Turtles ,Curiosity,
B09-03,Geeksquad ,waralien,
B35-19,,Rokador24,
A52-04,,Rawbeef,
C38-08,HyJynx ,PsyJynx,
B74-06,,Simple,
C19-05,Praise the Sun! ,MAGIC HOBO,
B54-01,HELICON ,Drix,
B65-02,,Deadeye1337,
C57-02,tniggie ,Subject81,
B18-01,SMEGMA ,augr,
B33-08,[TAC] ,Lightzorz,
A50-10,,Hook,
B30-14,[HOAGIES] ,ugotmoliwhapd,
C50-03,[D|T] ,IsolatedRainbow,
B63-21,,f1ip,
C59-05,1S2L ,Lokiandra,
B17-20,dp ,ashenk,
B32-18,Crimson Syndicate ,Hiphopmk,
B29-14,Distinguished Men of Class ,Rocker32703,
B10-04,COP ,Visconti,
B67-08,,Rihannsu,
C63-06,,Reserved,
B28-17,,Heavenly Flame,
C28-07,,Reserved,
B56-03,,Decoy,
B20-03,,AlGore,
B16-19,[QkPR] ,PegX,
A50-04,,SpacePanda,
B68-03,,snerfu,
A01-08,SpiderMan Chat Desu~ ,uncannyx,
C42-09,TSL ,RoguePope,
B51-16,Little Bic ,TinyBro,
B72-17,Need Moar Pylonz! ,deadpenguin,
A64-09,b2m ,SaviorSelf,
B15-16,Space Narwhals ,aggiejedi,
C33-06,Team BOB ,ForuneCookie,
B05-11,BANANATACO ,Goldengorilla69,
B21-01,,russellverse,
C34-06,Team BOB ,Lykos,
C42-11,Ironfist Rangers ,GIJoeman,
B60-09,,_Auron_,
B62-05,FS ,phett,
B04-18,Mutiny ,Reserved,
A60-03,Alta Squad ,Alienshark,
A31-04,Fallout ,EP,
A01-04,SpiderMan Chat Desu~ ,Equechan,
A20-06,no muff too tuff ,Turdonkey,
A20-03,no muff too tuff ,HottRodd,
B12-15,NPG ,Joe Bobber,
B74-08,,Exgirlfrnd,
C40-08,JAWA ,TheMassicator,
A27-02,Django Goon Squad ,King Joffrey,
B02-13,,Ruviot,
B62-18,SOFW ,Dopeboy1010,
C35-10,DeadlyGaming ,lostcozz99,
A67-05,CRAAAAA!!!!! ,codylc,
B20-18,CyberPolice ,Junklove,
B42-17,Texas Gaming ,DustyWarrior,
C40-12,JAWA ,Obliv,
C33-02,,Skewball,
B39-19,,Cruxly,
C48-03,,Syph0n,
B33-10,[TAC] ,scottyb,
A02-08,Kato ,ericpp,
C43-09,Cracked-Ice ,[C-I] BukZacH,
C09-09,FnG ,TJ,
UAC-19,Forum Wh0r3s ,Halestorm,
C59-04,1S2L ,LegendaryGinger,
C41-11,Ironfist Rangers ,McFly,
B12-22,[k^3] ,fedmanwinz,
C11-12,SVGA ,NuRV,
A71-08,SLAM ,Reserved,
B53-04,,Striker,
UAC-27,,Reserved,
B24-22,YPWB ,Omnic1dal,
A07-03,,Qain,
B15-04,Taco Stand ,oldbluebox,
B27-08,,wgcarly,
C53-12,,xm4n,
B50-08,#2k4ctf ,nvz,
A03-06,,Mel,
C59-01,ACD ,pixel5,
A15-02,LOUS ,MightyEagle,
B57-13,BUTTHUT ,Priapus,
B50-02,#2k4ctf ,Xios,
B69-07,,Auriellric,
B45-20,[a2m] ,Zinfidel,
A52-03,,BlackMagik,
B07-14,Fire Team Haboob ,Red Raider,
A54-09,,Droxik,
B31-13,dank ass memez ,Prettybiird,
B26-05,FA ,Jersey Mike and the boys,
C29-02,=HPSF= ,MurderTrain,
C12-12,[n00b] ,D4rk_H4r8in93r,
A04-01,scrubs ,clustermonky,
C50-05,[D|T] ,The Purple Blur,
C11-09,SVGA ,BadCraziness,
C47-01,,VanDerWaals,
B40-17,DeathBladez ,Drohung,
C25-12,‎The Booty Alliance ,bertoelcon,
B07-05,NikNak ,Dovahkiff,
A08-07,V1 Tech ,Logan,
C51-01,L3m0n Ch1ck3n ,TheBingus,
B28-18,Roflcopter ,ZCF,
A26-06,,Lukasz,
B55-09,CrackSmokingMonkeys ,Hiimr0b,
A62-01,,김치,
C44-07,Daz Clan ,JoJo Cs U,
B61-14,Spacegutter Squad ,a32warlock,
B25-18,Principality of Zeon ,jorpdaq,
A24-09,Justices of the Piece ,dorkmo,
A60-04,FFS ,Kiyoshi,
B65-22,Spacegutter Squad ,WadeofHonor,
B54-03,HELICON ,Quoren,
A27-07,TFB ,Deathdemise,
B01-05,GWR ,Jonnyyz,
C38-05,Critgamer.com ,TotalFreedom138,
C52-02,Trigger Warning ,tallpaul02,
B67-11,Bootyhole Inc. ,Uneeda Biscuit,
B60-03,TEAM USA ,Ambush,
B58-03,G.O.R.E. ,1d10syncracy,
C61-05,BTSX ,Grizzlenizzle415,
A51-02,Fragging Fraggots ,Mattcito,
B55-20,-gBa- ,Vulcan,
B09-04,,HonorableBradio,
B60-08,,Closeout,
B27-22,OMNOMCON ,FISH ON FIRE,
A50-07,,MBz,
A09-05,TK ,Reserved,
A31-09,,BananaNutMuffins,
B09-08,Geeksquad ,warlight,
A12-06,SFN ,MAYDAY,
C15-11,RTF ,ScorpionJ2,
B33-02,,star0fthesea,
B34-13,,Arealia,
C34-10,Team BOB ,gr4yfox,
A54-06,,EV,
C58-07,,Reserved,
A72-04,Hammered ,Frustrated,
B70-03,DT ,RyJahh,
A41-03,Reckt'em ,Icedoktaine,
B31-22,Crimson Syndicate ,ActionJosh,
B38-16,,The Jew,
B03-20,,D3MON,
B50-01,#2k4ctf ,GS3K,
B56-21,Really Old Men ,Raccoon Jesus,
B39-22,Forum Wh0r3s ,AtomicSymphonic,
C12-02,(_(_)BUTT ,JakefuxFlo,
B66-13,,Vortaku,
A37-02,,Lewdikris,
A14-05,,Rogue,
B19-15,CyberPolice ,Sinketo,
B13-08,C_C_COOKERS ,AATOM,
C63-03,TfkT ,Volatile,
A57-06,Overvolt ,stward,
B50-21,Immortal Machines ,Bacalou,
A11-04,,popatron,
C41-10,Ironfist Rangers ,Druedain,
B72-09,IMB ,Don,
C30-04,zzz ,Reserved,
C41-04,WDZ ,Murx,
C22-02,,MR_STYLZ,
B56-06,CROWS ,Jae'Dee Mann,
A53-05,JwS ,Rayden47,
B27-09,,Xclone,
A19-05,Killer Rabbits ,Ramrod,
A38-02,,ProZack,
A36-05,,Cronach,
C54-09,The Flaming Gaze ,Reserved,
A52-10,JwS ,illspirit,
B50-05,#2k4ctf ,glurg,
B64-08,,mAlice,
A25-03,Crab-Battle ,Shockrates,
C24-04,,Commodore_Capn,
B60-15,C4 Yourself ,bubblymiss,
B22-07,[B22] ,Milkman Slime,
B61-21,,Chronogimp,
B60-12,Barely Acceptable ,AlexndrThe6reat,
B61-02,ducklings ,Snowy,
B58-14,,Rexxaur,
B43-21,#JustQuakeconThings ,Nephlim,
A24-05,,everglows,
B03-16,,Professor X,
A06-07,,Juggernaut,
B26-19,TAW ,alphaprime,
B50-11,#2k4ctf ,Crunchitizmeh,
C11-11,SVGA ,Eradicator,
C57-07,,Reserved,
B35-15,,Sargentsmite,
B19-05,,Dairius,
A60-01,Alta Squad ,JHizzal,
B08-07,HexagonPC ,Noelic,
B74-03,,Stanger,
C36-07,,Silent K,
UAC-04,[a2m] ,T-Dawg,
B19-10,,Count_Spatula,
B20-17,CyberPolice ,seventhlance,
B59-18,ETN ,MrMessy,
A53-09,JwS ,Reserved,
A55-08,,Milworkz,
B23-06,[B22] ,Coming Up Next On Disney Channel,
C58-08,Wii Players Club ,Slater,
C62-06,BTSX ,Chazx,
C14-06,FSL ,FuzzyMani,
B06-19,Caveman Clan ,ohhaimark,
B67-16,Prosper ,Beaz,
C49-08,DESU ,ChewbaccaChris,
C59-06,1S2L ,PinkkTaco,
A30-03,Fallout ,Chaz,
B71-04,DT ,flip,
C32-07,Techit ,Zomb,
A72-05,,liquidsquid,
A14-04,,LeGreg,
A25-09,Justices of the Piece ,TmanUBP,
C15-06,,Blad3,
C52-03,Trigger Warning ,Its_Chuck_Testa,
A15-10,,Paravane,
